-- phpMyAdmin SQL Dump
-- version 4.0.10deb1
-- http://www.phpmyadmin.net
--
-- Host: localhost
-- Generation Time: Aug 01, 2017 at 11:35 PM
-- Server version: 5.5.57-0ubuntu0.14.04.1
-- PHP Version: 5.5.9-1ubuntu4.21

SET SQL_MODE = "NO_AUTO_VALUE_ON_ZERO";
SET time_zone = "+00:00";


/*!40101 SET @OLD_CHARACTER_SET_CLIENT=@@CHARACTER_SET_CLIENT */;
/*!40101 SET @OLD_CHARACTER_SET_RESULTS=@@CHARACTER_SET_RESULTS */;
/*!40101 SET @OLD_COLLATION_CONNECTION=@@COLLATION_CONNECTION */;
/*!40101 SET NAMES utf8 */;

--
-- Database: `gvs2`
--

-- --------------------------------------------------------

--
-- Table structure for table `absen`
--

CREATE TABLE IF NOT EXISTS `absen` (
  `id_absen` int(20) NOT NULL AUTO_INCREMENT,
  `periode` int(20) NOT NULL,
  `id_therapist` int(20) NOT NULL,
  PRIMARY KEY (`id_absen`)
) ENGINE=InnoDB  DEFAULT CHARSET=latin1 AUTO_INCREMENT=1552 ;

--
-- Dumping data for table `absen`
--

INSERT INTO `absen` (`id_absen`, `periode`, `id_therapist`) VALUES
(1, 10, 10004078),
(2, 10, 10006912),
(3, 10, 10006924),
(4, 10, 10006908),
(5, 10, 10006907),
(6, 10, 10006841),
(7, 10, 10006925),
(8, 10, 2009646),
(9, 10, 10004785),
(10, 10, 10006843),
(11, 10, 10006922),
(12, 10, 10006844),
(13, 10, 10006923),
(14, 10, 10006847),
(15, 10, 10000126),
(16, 10, 10006926),
(17, 10, 10006848),
(18, 10, 1000006),
(19, 10, 10006850),
(20, 11, 10004078),
(21, 11, 10006908),
(22, 11, 10006843),
(23, 11, 10006960),
(24, 11, 10006938),
(25, 11, 10006926),
(26, 11, 10006924),
(27, 11, 10006925),
(28, 11, 10006844),
(29, 11, 10006937),
(30, 11, 1000006),
(31, 11, 10000126),
(32, 11, 10004976),
(33, 11, 1000001),
(34, 11, 10006922),
(35, 11, 1000089),
(36, 11, 2009646),
(37, 11, 1000106),
(38, 11, 10004683),
(39, 11, 10006936),
(40, 11, 10006935),
(41, 11, 10003089),
(42, 11, 1000088),
(43, 11, 10006841),
(44, 11, 2013389),
(45, 11, 10006934),
(46, 11, 10006933),
(47, 11, 10006850),
(48, 11, 1000064),
(49, 12, 10006938),
(50, 12, 6099),
(51, 12, 1000029),
(52, 12, 10006913),
(53, 12, 10006925),
(54, 12, 10004078),
(55, 12, 10006845),
(56, 12, 1000215),
(57, 12, 1000089),
(58, 12, 10006907),
(59, 12, 10006868),
(60, 12, 10006870),
(61, 12, 10006867),
(62, 12, 2018323),
(63, 12, 10003511),
(64, 12, 10000126),
(65, 12, 1000026),
(66, 12, 10006850),
(67, 12, 1000006),
(68, 12, 10003089),
(69, 12, 10004976),
(70, 12, 10006847),
(71, 12, 1000001),
(72, 12, 10006931),
(73, 12, 1000064),
(74, 13, 10006908),
(75, 13, 10006934),
(76, 13, 10006926),
(77, 13, 1000026),
(78, 13, 10006912),
(79, 13, 10004078),
(80, 13, 6099),
(81, 13, 10006868),
(82, 13, 10006844),
(83, 13, 2014568),
(84, 13, 10006913),
(85, 13, 10006896),
(86, 13, 1000215),
(87, 13, 10006040),
(88, 13, 1000106),
(89, 13, 10006897),
(90, 13, 10006898),
(91, 13, 10002068),
(92, 13, 1000019),
(93, 13, 2013389),
(94, 13, 1000089),
(95, 13, 10006845),
(96, 13, 10000126),
(97, 13, 10006925),
(98, 13, 10006841),
(99, 13, 10006867),
(100, 13, 2018323),
(101, 13, 10006907),
(102, 13, 10006870),
(103, 13, 10004683),
(104, 13, 10006899),
(105, 13, 10006847),
(106, 13, 10006900),
(107, 13, 10003089),
(108, 13, 10006936),
(109, 13, 1000006),
(110, 13, 1000001),
(111, 14, 10005493),
(112, 14, 10004078),
(113, 14, 1000026),
(114, 14, 10006898),
(115, 14, 10006870),
(116, 14, 10006889),
(117, 14, 10006868),
(118, 14, 10006843),
(119, 14, 2018323),
(120, 14, 2016876),
(121, 14, 10006896),
(122, 14, 1000006),
(123, 14, 2020130),
(124, 14, 1000025),
(125, 14, 2004300),
(126, 14, 10006934),
(127, 14, 10005424),
(128, 14, 1000043),
(129, 14, 10004785),
(130, 14, 10006912),
(131, 14, 10002342),
(132, 14, 10005460),
(133, 14, 10006867),
(134, 14, 10004683),
(135, 14, 10000126),
(136, 14, 10006907),
(137, 14, 10004191),
(138, 14, 1000089),
(139, 15, 10006911),
(140, 15, 10006868),
(141, 15, 10006896),
(142, 15, 2020130),
(143, 15, 2018323),
(144, 15, 10002331),
(145, 15, 1000025),
(146, 15, 10006898),
(147, 15, 10006870),
(148, 15, 10006843),
(149, 15, 10005493),
(150, 15, 10006902),
(151, 15, 1000019),
(152, 15, 2013389),
(153, 15, 2004976),
(154, 15, 2014568),
(155, 15, 2018379),
(156, 15, 10006908),
(157, 15, 2006613),
(158, 15, 1000088),
(159, 15, 10006845),
(160, 15, 1000001),
(161, 15, 1000089),
(162, 17, 10006906),
(163, 17, 10006845),
(164, 17, 10006928),
(165, 17, 10006867),
(166, 17, 10005493),
(167, 17, 10006868),
(168, 17, 10006905),
(169, 17, 1000026),
(170, 17, 10006898),
(171, 17, 10006870),
(172, 17, 10006919),
(173, 17, 10006921),
(174, 17, 2014568),
(175, 17, 1000006),
(176, 17, 10006902),
(177, 17, 10000126),
(178, 17, 10006929),
(179, 17, 10006843),
(180, 17, 10006907),
(181, 18, 10004078),
(182, 18, 10006921),
(183, 18, 10006905),
(184, 18, 10006919),
(185, 18, 10005493),
(186, 18, 10006898),
(187, 18, 10006944),
(188, 18, 10006845),
(189, 18, 10002359),
(190, 18, 10006928),
(191, 18, 10006902),
(192, 18, 1000026),
(193, 18, 10006847),
(194, 18, 1000215),
(195, 18, 10006870),
(196, 18, 10005460),
(197, 18, 10006911),
(198, 18, 2013389),
(199, 18, 1000006),
(200, 18, 10006866),
(201, 19, 10006928),
(202, 19, 10006944),
(203, 19, 2020130),
(204, 19, 10005493),
(205, 19, 10006919),
(206, 19, 10006875),
(207, 19, 10002359),
(208, 19, 10004078),
(209, 19, 1000026),
(210, 19, 10006874),
(211, 19, 10006905),
(212, 19, 10006898),
(213, 19, 10006867),
(214, 19, 10004394),
(215, 19, 2018323),
(216, 19, 10006870),
(217, 19, 2014568),
(218, 19, 2013389),
(219, 19, 1000006),
(220, 19, 10006934),
(221, 19, 10006845),
(222, 20, 10006928),
(223, 20, 10006871),
(224, 20, 10003511),
(225, 20, 10004078),
(226, 20, 1000026),
(227, 20, 10006872),
(228, 20, 10006868),
(229, 20, 10006898),
(230, 20, 10006882),
(231, 20, 2018323),
(232, 20, 10006929),
(233, 20, 10000126),
(234, 20, 2014568),
(235, 20, 10003906),
(236, 20, 10006845),
(237, 20, 10006934),
(238, 20, 10006875),
(239, 20, 10006881),
(240, 20, 1000109),
(241, 20, 10006843),
(242, 20, 10006889),
(243, 21, 10006933),
(244, 21, 10006928),
(245, 21, 10004078),
(246, 21, 10006881),
(247, 21, 10005493),
(248, 21, 10006905),
(249, 21, 10002359),
(250, 21, 2020130),
(251, 21, 10006944),
(252, 21, 10006872),
(253, 21, 1000006),
(254, 21, 10006871),
(255, 21, 10006898),
(256, 21, 2014568),
(257, 21, 10006867),
(258, 21, 10006868),
(259, 21, 10006875),
(260, 21, 10000126),
(261, 21, 10006869),
(262, 21, 10006929),
(263, 21, 2018323),
(264, 21, 10001328),
(265, 21, 10006845),
(266, 21, 10003906),
(267, 22, 10006845),
(268, 22, 2018379),
(269, 22, 10002359),
(270, 22, 10006871),
(271, 22, 10005493),
(272, 22, 10006868),
(273, 22, 10006872),
(274, 22, 2020130),
(275, 22, 10006905),
(276, 22, 10002342),
(277, 22, 10006843),
(278, 22, 10006848),
(279, 22, 10006870),
(280, 22, 1000006),
(281, 22, 2013389),
(282, 22, 6099),
(283, 23, 10005424),
(284, 23, 2013354),
(285, 23, 10000786),
(286, 23, 2018379),
(287, 23, 10005234),
(288, 23, 2019043),
(289, 23, 1000045),
(290, 23, 1000043),
(291, 23, 2018260),
(292, 23, 2016876),
(293, 23, 10006909),
(294, 23, 2014513),
(295, 23, 10006871),
(296, 23, 10003913),
(297, 23, 10002331),
(298, 23, 2018522),
(299, 23, 2009677),
(300, 23, 10007563),
(301, 23, 10006607),
(302, 23, 10006929),
(303, 23, 2006881),
(304, 23, 10006936),
(305, 23, 10006867),
(306, 23, 10006868),
(307, 23, 10006870),
(308, 23, 10006903),
(309, 23, 10006904),
(310, 23, 10006875),
(311, 23, 10006895),
(312, 23, 10006869),
(313, 23, 10006901),
(314, 23, 10006864),
(315, 23, 10006164),
(316, 23, 1000009),
(317, 23, 2014861),
(318, 24, 10006928),
(319, 24, 10006843),
(320, 24, 10006909),
(321, 24, 10006944),
(322, 24, 10006845),
(323, 24, 10004191),
(324, 24, 10004078),
(325, 24, 10005493),
(326, 24, 10006871),
(327, 24, 10006919),
(328, 24, 10006872),
(329, 24, 10006929),
(330, 24, 10000126),
(331, 24, 2018323),
(332, 24, 2018379),
(333, 24, 10006859),
(334, 24, 10007563),
(335, 24, 10006889),
(336, 24, 2018522),
(337, 24, 10003906),
(338, 24, 1000006),
(339, 24, 10002359),
(340, 24, 10006882),
(341, 24, 1000045),
(342, 24, 10006865),
(343, 25, 2013354),
(344, 25, 2014568),
(345, 25, 10004078),
(346, 25, 10006928),
(347, 25, 10005493),
(348, 25, 10006909),
(349, 25, 10002359),
(350, 25, 10006944),
(351, 25, 10006919),
(352, 25, 10006871),
(353, 25, 10006848),
(354, 25, 10006898),
(355, 25, 10007563),
(356, 25, 10006845),
(357, 25, 10006929),
(358, 25, 10000126),
(359, 25, 2018323),
(360, 25, 1000026),
(361, 25, 10006872),
(362, 25, 10006875),
(363, 25, 1000006),
(364, 25, 10002342),
(365, 25, 10006911),
(366, 25, 2006881),
(367, 26, 2013354),
(368, 26, 10004785),
(369, 26, 10007563),
(370, 26, 10006928),
(371, 26, 10006905),
(372, 26, 6099),
(373, 26, 10006867),
(374, 26, 10002359),
(375, 26, 10006868),
(376, 26, 10005493),
(377, 26, 10006919),
(378, 26, 10006924),
(379, 26, 10006879),
(380, 26, 1000026),
(381, 26, 10006909),
(382, 26, 10006870),
(383, 26, 10006848),
(384, 26, 10006898),
(385, 26, 10006875),
(386, 26, 2018323),
(387, 26, 10006845),
(388, 26, 10006913),
(389, 26, 10004078),
(390, 26, 10003906),
(391, 26, 10006889),
(392, 27, 10006928),
(393, 27, 10007563),
(394, 27, 10006905),
(395, 27, 10004078),
(396, 27, 10006871),
(397, 27, 10006872),
(398, 27, 1000006),
(399, 27, 2020130),
(400, 27, 10006843),
(401, 27, 10006909),
(402, 27, 10006848),
(403, 27, 10006867),
(404, 27, 2013354),
(405, 27, 2014568),
(406, 27, 10006868),
(407, 27, 10007324),
(408, 27, 10006894),
(409, 27, 10006864),
(410, 27, 10006898),
(411, 27, 1000026),
(412, 27, 10006870),
(413, 27, 10006891),
(414, 27, 10006859),
(415, 27, 10006929),
(416, 27, 1000009),
(417, 28, 10006859),
(418, 28, 2013354),
(419, 28, 10007563),
(420, 28, 1000026),
(421, 28, 10005493),
(422, 28, 10006928),
(423, 28, 10002359),
(424, 28, 10000126),
(425, 28, 10006905),
(426, 28, 10006843),
(427, 28, 10000379),
(428, 28, 10003913),
(429, 28, 10006924),
(430, 28, 10006848),
(431, 28, 10006912),
(432, 28, 10006894),
(433, 28, 10006869),
(434, 28, 10006889),
(435, 28, 10006944),
(436, 28, 10006872),
(437, 28, 2020130),
(438, 28, 10006871),
(439, 28, 2014568),
(440, 28, 10006879),
(441, 28, 10006880),
(442, 28, 10006898),
(443, 28, 10004078),
(444, 28, 10006874),
(445, 28, 2018323),
(446, 28, 10006929),
(447, 28, 10006876),
(448, 28, 1000006),
(449, 28, 10003906),
(450, 28, 10006890),
(451, 29, 10005424),
(452, 29, 2013354),
(453, 29, 10005493),
(454, 29, 10007563),
(455, 29, 10006928),
(456, 29, 2020130),
(457, 29, 2016876),
(458, 29, 10006909),
(459, 29, 10006871),
(460, 29, 2018379),
(461, 29, 10006872),
(462, 29, 10006876),
(463, 29, 10006863),
(464, 29, 10006862),
(465, 29, 2014568),
(466, 29, 10006864),
(467, 29, 10006868),
(468, 29, 10006898),
(469, 29, 2018323),
(470, 29, 1000006),
(471, 29, 10006912),
(472, 29, 10006910),
(473, 29, 10006894),
(474, 29, 10005234),
(475, 29, 10003906),
(476, 30, 2013354),
(477, 30, 10005424),
(478, 30, 10006862),
(479, 30, 10006880),
(480, 30, 2018379),
(481, 30, 10006879),
(482, 30, 10006876),
(483, 30, 10006863),
(484, 30, 10006938),
(485, 30, 10007563),
(486, 30, 10006872),
(487, 30, 10006910),
(488, 30, 10006909),
(489, 30, 10006871),
(490, 30, 10006864),
(491, 30, 10006898),
(492, 30, 10006889),
(493, 30, 10006907),
(494, 30, 2018323),
(495, 30, 10001328),
(496, 30, 1000006),
(497, 30, 10006868),
(498, 31, 10006928),
(499, 31, 10006944),
(500, 31, 2018379),
(501, 31, 10006893),
(502, 31, 10006862),
(503, 31, 10000393),
(504, 31, 10006847),
(505, 31, 10006863),
(506, 31, 1000026),
(507, 31, 10007563),
(508, 31, 10006924),
(509, 31, 10005493),
(510, 31, 10006871),
(511, 31, 10000126),
(512, 31, 1000006),
(513, 31, 10006919),
(514, 31, 10006872),
(515, 31, 10006929),
(516, 31, 10006843),
(517, 31, 10006870),
(518, 31, 10006905),
(519, 31, 10006867),
(520, 31, 10006864),
(521, 31, 10002359),
(522, 31, 10006868),
(523, 31, 10006909),
(524, 31, 10006876),
(525, 31, 10006912),
(526, 31, 1000064),
(527, 32, 10006909),
(528, 32, 10007563),
(529, 32, 10006893),
(530, 32, 10006928),
(531, 32, 10005493),
(532, 32, 2013354),
(533, 32, 10004078),
(534, 32, 6099),
(535, 32, 10006848),
(536, 32, 10006843),
(537, 32, 10006929),
(538, 32, 2014568),
(539, 32, 10007324),
(540, 32, 10006862),
(541, 32, 2020130),
(542, 32, 10002359),
(543, 32, 10007889),
(544, 32, 1000026),
(545, 32, 2013389),
(546, 32, 10006876),
(547, 32, 10006875),
(548, 32, 10006871),
(549, 32, 10006867),
(550, 32, 10006872),
(551, 32, 10006898),
(552, 32, 10000126),
(553, 32, 10006870),
(554, 32, 10006868),
(555, 32, 10006905),
(556, 32, 10006864),
(557, 32, 10006863),
(558, 32, 2018323),
(559, 32, 10006944),
(560, 32, 120495),
(561, 33, 10006928),
(562, 33, 2018522),
(563, 33, 10006893),
(564, 33, 10006937),
(565, 33, 10006944),
(566, 33, 10004078),
(567, 33, 10006862),
(568, 33, 10005493),
(569, 33, 10006876),
(570, 33, 10007563),
(571, 33, 2013354),
(572, 33, 2020130),
(573, 33, 10006909),
(574, 33, 1000026),
(575, 33, 10007889),
(576, 33, 10006929),
(577, 33, 10006919),
(578, 33, 10007324),
(579, 33, 1000006),
(580, 33, 2018379),
(581, 33, 10002359),
(582, 33, 10006898),
(583, 33, 10006870),
(584, 33, 2018323),
(585, 33, 10006863),
(586, 33, 10000126),
(587, 33, 2013389),
(588, 33, 10003906),
(589, 33, 10006864),
(590, 33, 10006875),
(591, 33, 10006164),
(592, 33, 10006868),
(593, 33, 10006871),
(594, 33, 10006867),
(595, 34, 10006937),
(596, 34, 10006893),
(597, 34, 10004078),
(598, 34, 2020130),
(599, 34, 10006928),
(600, 34, 10007563),
(601, 34, 2013354),
(602, 34, 2018379),
(603, 34, 10006905),
(604, 34, 10007324),
(605, 34, 10006880),
(606, 34, 10006875),
(607, 34, 10006862),
(608, 34, 10002359),
(609, 34, 10005493),
(610, 34, 10006843),
(611, 34, 10006847),
(612, 34, 10006863),
(613, 34, 10006872),
(614, 34, 10000126),
(615, 34, 10006871),
(616, 34, 10006892),
(617, 34, 10006912),
(618, 34, 1000006),
(619, 34, 10006876),
(620, 34, 10006898),
(621, 34, 2018323),
(622, 34, 10003906),
(623, 34, 10006864),
(624, 34, 1000009),
(625, 35, 10004078),
(626, 35, 10006937),
(627, 35, 2013354),
(628, 35, 10006928),
(629, 35, 1000026),
(630, 35, 10006905),
(631, 35, 10005493),
(632, 35, 10006924),
(633, 35, 10006861),
(634, 35, 10006876),
(635, 35, 10006863),
(636, 35, 10006875),
(637, 35, 10006872),
(638, 35, 10006929),
(639, 35, 10002359),
(640, 35, 10006871),
(641, 35, 2018522),
(642, 35, 10006919),
(643, 35, 10006909),
(644, 35, 10000126),
(645, 35, 10006895),
(646, 35, 2003291),
(647, 35, 10006944),
(648, 35, 10006898),
(649, 35, 1000019),
(650, 35, 10006870),
(651, 35, 10006864),
(652, 35, 2018323),
(653, 35, 10008331),
(654, 35, 2013389),
(655, 35, 10006867),
(656, 35, 10003906),
(657, 35, 10004785),
(658, 35, 1000064),
(659, 36, 2013354),
(660, 36, 2018379),
(661, 36, 10008331),
(662, 36, 10006893),
(663, 36, 10006928),
(664, 36, 10007563),
(665, 36, 10005493),
(666, 36, 10006924),
(667, 36, 10006861),
(668, 36, 10006895),
(669, 36, 1000006),
(670, 36, 10006905),
(671, 36, 10006862),
(672, 36, 10006898),
(673, 36, 10006876),
(674, 36, 10002342),
(675, 36, 10006912),
(676, 36, 2003291),
(677, 36, 10006843),
(678, 36, 2018522),
(679, 36, 10006892),
(680, 36, 10006890),
(681, 36, 10006909),
(682, 36, 10006867),
(683, 36, 2020130),
(684, 36, 10006872),
(685, 36, 10000126),
(686, 36, 10006864),
(687, 36, 2013389),
(688, 36, 10006875),
(689, 36, 10002359),
(690, 36, 10006871),
(691, 37, 10006893),
(692, 37, 2013354),
(693, 37, 10007928),
(694, 37, 2018379),
(695, 37, 10006909),
(696, 37, 10006845),
(697, 37, 10006863),
(698, 37, 10006862),
(699, 37, 10006895),
(700, 37, 10002359),
(701, 37, 2018522),
(702, 37, 10006892),
(703, 37, 10006164),
(704, 37, 10006872),
(705, 37, 10006871),
(706, 37, 10006898),
(707, 37, 10007889),
(708, 37, 10006929),
(709, 37, 10006876),
(710, 37, 2020130),
(711, 37, 2018323),
(712, 37, 10006864),
(713, 37, 2016876),
(714, 38, 10007928),
(715, 38, 10006928),
(716, 38, 10005493),
(717, 38, 10006895),
(718, 38, 10006876),
(719, 38, 1000026),
(720, 38, 2018379),
(721, 38, 10004078),
(722, 38, 10002359),
(723, 38, 10006909),
(724, 38, 10006919),
(725, 38, 10006843),
(726, 38, 10000126),
(727, 38, 10006862),
(728, 38, 10006845),
(729, 38, 10006864),
(730, 38, 1000006),
(731, 38, 10006871),
(732, 38, 10006872),
(733, 38, 2013389),
(734, 38, 10003906),
(735, 38, 2014568),
(736, 38, 10006859),
(737, 39, 2018522),
(738, 39, 2013354),
(739, 39, 10006937),
(740, 39, 10006928),
(741, 39, 10006923),
(742, 39, 10007928),
(743, 39, 2020130),
(744, 39, 1000006),
(745, 39, 2018379),
(746, 39, 10005493),
(747, 39, 10006905),
(748, 39, 10006862),
(749, 39, 10006876),
(750, 39, 10006929),
(751, 39, 10001328),
(752, 39, 10006870),
(753, 39, 10006872),
(754, 39, 10006863),
(755, 39, 10002359),
(756, 39, 10006919),
(757, 39, 10006898),
(758, 39, 10006871),
(759, 39, 2018323),
(760, 39, 1000026),
(761, 39, 10006864),
(762, 39, 10006845),
(763, 39, 10006843),
(764, 39, 10006944),
(765, 39, 10003906),
(766, 39, 2003291),
(767, 39, 1000205),
(768, 39, 10006860),
(769, 39, 10006859),
(770, 39, 10006912),
(771, 40, 120495),
(772, 40, 1000006),
(773, 41, 10006919),
(774, 41, 2018522),
(775, 41, 10006893),
(776, 41, 10006862),
(777, 41, 10006933),
(778, 41, 10006928),
(779, 41, 10002359),
(780, 41, 10007928),
(781, 41, 10006929),
(782, 41, 10006863),
(783, 41, 10006876),
(784, 41, 10000126),
(785, 41, 1000009),
(786, 41, 2014861),
(787, 41, 10006845),
(788, 41, 10006864),
(789, 41, 2018323),
(790, 41, 2013389),
(791, 41, 10006898),
(792, 42, 10006863),
(793, 42, 1000065),
(794, 42, 10003913),
(795, 42, 2018260),
(796, 42, 10006871),
(797, 42, 10000148),
(798, 42, 10006859),
(799, 42, 2006881),
(800, 42, 1000025),
(801, 42, 10006933),
(802, 42, 10001328),
(803, 42, 10005441),
(804, 42, 10005234),
(805, 42, 10007928),
(806, 42, 1000009),
(807, 42, 2004566),
(808, 42, 2020130),
(809, 42, 10006872),
(810, 42, 2013354),
(811, 42, 10004785),
(812, 42, 10006164),
(813, 42, 1000006),
(814, 42, 2014861),
(815, 42, 10006928),
(816, 42, 2014338),
(817, 42, 10006607),
(818, 42, 10006895),
(819, 42, 1000064),
(820, 43, 10006928),
(821, 43, 2003693),
(822, 43, 10006889),
(823, 43, 1000092),
(824, 43, 2018323),
(825, 43, 10006909),
(826, 43, 10006863),
(827, 43, 10006872),
(828, 43, 10008242),
(829, 43, 2020130),
(830, 43, 10007531),
(831, 43, 2020131),
(832, 43, 1000070),
(833, 43, 2013354),
(834, 43, 10006938),
(835, 43, 2016875),
(836, 43, 1000078),
(837, 43, 10006911),
(838, 43, 1000045),
(839, 43, 1000001),
(840, 43, 10006892),
(841, 43, 10006843),
(842, 43, 10007967),
(843, 43, 10004078),
(844, 43, 10005441),
(845, 43, 1000016),
(846, 43, 1000017),
(847, 43, 2004976),
(848, 43, 10007928),
(849, 44, 10007928),
(850, 44, 10006928),
(851, 44, 10006040),
(852, 44, 10006863),
(853, 44, 2020130),
(854, 44, 10007531),
(855, 44, 10006876),
(856, 44, 10006892),
(857, 44, 10000126),
(858, 44, 10006872),
(859, 44, 10006909),
(860, 44, 10008242),
(861, 44, 2020131),
(862, 44, 2013354),
(863, 44, 10006843),
(864, 44, 1000100),
(865, 44, 2016875),
(866, 44, 10006911),
(867, 44, 10008450),
(868, 44, 2004566),
(869, 44, 2006881),
(870, 44, 10008077),
(871, 44, 1000092),
(872, 44, 1000090),
(873, 45, 2020130),
(874, 45, 2018323),
(875, 45, 10006872),
(876, 45, 10008306),
(877, 45, 10006876),
(878, 45, 10008242),
(879, 45, 10006928),
(880, 45, 10007928),
(881, 45, 10006040),
(882, 45, 10006863),
(883, 45, 10006870),
(884, 45, 2014568),
(885, 45, 2018379),
(886, 45, 10006880),
(887, 45, 10006909),
(888, 45, 2013354),
(889, 45, 10000126),
(890, 45, 10006607),
(891, 45, 10008077),
(892, 46, 2014568),
(893, 46, 2013354),
(894, 46, 10007928),
(895, 46, 10006040),
(896, 46, 10006863),
(897, 46, 10006928),
(898, 46, 10006872),
(899, 46, 1000092),
(900, 46, 2020130),
(901, 46, 10006876),
(902, 46, 10006892),
(903, 46, 10008450),
(904, 46, 10006870),
(905, 46, 2018323),
(906, 46, 1000026),
(907, 46, 10006867),
(908, 46, 2018522),
(909, 46, 10006909),
(910, 46, 6113),
(911, 46, 10008190),
(912, 46, 14003838),
(913, 46, 2020131),
(914, 46, 10007531),
(915, 46, 10006864),
(916, 46, 2012235),
(917, 47, 2014568),
(918, 47, 2012235),
(919, 47, 10007928),
(920, 47, 14003838),
(921, 47, 10006862),
(922, 47, 2013354),
(923, 47, 10008190),
(924, 47, 10006928),
(925, 47, 10006944),
(926, 47, 10006843),
(927, 47, 2018522),
(928, 47, 10008242),
(929, 47, 2020130),
(930, 47, 10006876),
(931, 47, 10008306),
(932, 47, 10006909),
(933, 47, 10006880),
(934, 47, 1000026),
(935, 47, 10007531),
(936, 47, 2020131),
(937, 47, 2018379),
(938, 47, 1000070),
(939, 48, 2003693),
(940, 48, 10007928),
(941, 48, 2018379),
(942, 48, 2012235),
(943, 48, 10006862),
(944, 48, 10006895),
(945, 48, 10004078),
(946, 48, 10007822),
(947, 48, 10006863),
(948, 48, 10006843),
(949, 48, 10006872),
(950, 48, 10006924),
(951, 48, 6113),
(952, 48, 10006876),
(953, 48, 10006944),
(954, 48, 10006870),
(955, 48, 10006898),
(956, 48, 2018323),
(957, 48, 10006867),
(958, 48, 10008450),
(959, 48, 10006892),
(960, 48, 2020131),
(961, 48, 10006929),
(962, 48, 14002771),
(963, 48, 1000070),
(964, 48, 10000126),
(965, 48, 10001329),
(966, 48, 1000045),
(967, 48, 14002786),
(968, 48, 1000100),
(969, 48, 10008306),
(970, 48, 10008480),
(971, 48, 14002764),
(972, 49, 2014568),
(973, 49, 10004078),
(974, 49, 2012235),
(975, 49, 10008190),
(976, 49, 2018379),
(977, 49, 1000026),
(978, 49, 10000126),
(979, 49, 10006929),
(980, 49, 14003838),
(981, 49, 6113),
(982, 49, 2013354),
(983, 49, 10006928),
(984, 49, 10006867),
(985, 49, 10006944),
(986, 49, 10006898),
(987, 49, 10006880),
(988, 49, 1000070),
(989, 49, 10008450),
(990, 49, 10006862),
(991, 49, 2018323),
(992, 49, 10006870),
(993, 49, 10007928),
(994, 49, 10006892),
(995, 49, 10006909),
(996, 49, 10006876),
(997, 49, 14003460),
(998, 49, 1000006),
(999, 49, 2020130),
(1000, 49, 14002764),
(1001, 49, 1000100),
(1002, 49, 10008201),
(1003, 50, 14001722),
(1004, 50, 2014568),
(1005, 50, 10006880),
(1006, 50, 10006863),
(1007, 50, 2013354),
(1008, 50, 10008306),
(1009, 50, 2012235),
(1010, 50, 1000045),
(1011, 50, 10002359),
(1012, 50, 10004078),
(1013, 50, 2020130),
(1014, 50, 10006928),
(1015, 50, 2003693),
(1016, 50, 10008190),
(1017, 50, 10006870),
(1018, 50, 2018323),
(1019, 50, 10006867),
(1020, 50, 10007531),
(1021, 50, 10006872),
(1022, 50, 10006909),
(1023, 50, 2020131),
(1024, 50, 14002764),
(1025, 50, 10006843),
(1026, 50, 1000019),
(1027, 50, 1000100),
(1028, 51, 10004078),
(1029, 51, 2013354),
(1030, 51, 2014568),
(1031, 51, 10006929),
(1032, 51, 10006863),
(1033, 51, 10002514),
(1034, 51, 2012235),
(1035, 51, 10006924),
(1036, 51, 10006928),
(1037, 51, 10006944),
(1038, 51, 14003838),
(1039, 51, 14000996),
(1040, 51, 14000980),
(1041, 51, 1000070),
(1042, 51, 10008190),
(1043, 51, 2018522),
(1044, 51, 10006843),
(1045, 51, 14002764),
(1046, 51, 10007531),
(1047, 51, 10006909),
(1048, 51, 10006876),
(1049, 51, 10006892),
(1050, 51, 10000126),
(1051, 51, 10007928),
(1052, 51, 2020130),
(1053, 51, 14002020),
(1054, 51, 10006895),
(1055, 51, 1000006),
(1056, 51, 10006872),
(1057, 51, 2020131),
(1058, 51, 10006934),
(1059, 51, 2004991),
(1060, 51, 10002359),
(1061, 51, 10008480),
(1062, 52, 2014568),
(1063, 52, 10004078),
(1064, 52, 10006863),
(1065, 52, 2013354),
(1066, 52, 2012235),
(1067, 52, 14000980),
(1068, 52, 10006909),
(1069, 52, 1000043),
(1070, 52, 10006928),
(1071, 52, 10006944),
(1072, 52, 10008450),
(1073, 52, 14000996),
(1074, 52, 10008306),
(1075, 52, 1000070),
(1076, 52, 10006895),
(1077, 52, 2003693),
(1078, 52, 14002020),
(1079, 52, 10006924),
(1080, 52, 10002359),
(1081, 52, 10006867),
(1082, 52, 10006870),
(1083, 52, 10006876),
(1084, 52, 2020130),
(1085, 52, 10006929),
(1086, 52, 2020131),
(1087, 52, 10007531),
(1088, 52, 10006864),
(1089, 52, 10008159),
(1090, 53, 10007928),
(1091, 53, 2012235),
(1092, 53, 14000980),
(1093, 53, 14001722),
(1094, 53, 10006928),
(1095, 53, 10006863),
(1096, 53, 10005493),
(1097, 53, 10008190),
(1098, 53, 10002359),
(1099, 53, 14000996),
(1100, 53, 14003838),
(1101, 53, 10008450),
(1102, 53, 10006892),
(1103, 53, 10006871),
(1104, 53, 10006872),
(1105, 53, 10002514),
(1106, 53, 2013389),
(1107, 53, 2003693),
(1108, 53, 2020130),
(1109, 53, 10006876),
(1110, 53, 14002020),
(1111, 53, 10006909),
(1112, 53, 2018323),
(1113, 53, 10007531),
(1114, 53, 1000006),
(1115, 53, 2020131),
(1116, 53, 10008306),
(1117, 54, 2013354),
(1118, 54, 2012235),
(1119, 54, 10007928),
(1120, 54, 10006863),
(1121, 54, 2018323),
(1122, 54, 14003460),
(1123, 54, 10007531),
(1124, 54, 10006898),
(1125, 54, 14000996),
(1126, 54, 14000980),
(1127, 54, 2020131),
(1128, 54, 10006864),
(1129, 54, 1000100),
(1130, 55, 10004078),
(1131, 55, 2014568),
(1132, 55, 10002514),
(1133, 55, 6113),
(1134, 55, 14003838),
(1135, 55, 10006929),
(1136, 55, 10006870),
(1137, 55, 1000070),
(1138, 55, 10006880),
(1139, 55, 10006924),
(1140, 55, 10006867),
(1141, 55, 10006892),
(1142, 55, 2003693),
(1143, 55, 10006928),
(1144, 55, 10002359),
(1145, 55, 10008450),
(1146, 55, 10008190),
(1147, 55, 14004618),
(1148, 55, 10005493),
(1149, 55, 10006898),
(1150, 55, 10006944),
(1151, 55, 10006876),
(1152, 55, 14004616),
(1153, 55, 10006871),
(1154, 55, 14004596),
(1155, 55, 10000126),
(1156, 55, 10008306),
(1157, 55, 2020130),
(1158, 55, 14000980),
(1159, 55, 14003460),
(1160, 55, 2013389),
(1161, 55, 10007531),
(1162, 55, 2016875),
(1163, 56, 10006944),
(1164, 56, 2013354),
(1165, 56, 10006928),
(1166, 56, 14004616),
(1167, 56, 10006863),
(1168, 56, 10002514),
(1169, 56, 10002359),
(1170, 56, 2020131),
(1171, 56, 2012228),
(1172, 56, 1000043),
(1173, 56, 10006880),
(1174, 56, 10008190),
(1175, 56, 10006905),
(1176, 56, 10006843),
(1177, 56, 10008450),
(1178, 56, 2003693),
(1179, 56, 10006909),
(1180, 56, 14000980),
(1181, 56, 10005493),
(1182, 56, 6113),
(1183, 56, 10006892),
(1184, 56, 10006871),
(1185, 56, 10006872),
(1186, 56, 10006876),
(1187, 56, 2020130),
(1188, 56, 10000126),
(1189, 57, 2012235),
(1190, 57, 14001722),
(1191, 57, 2014568),
(1192, 57, 10006928),
(1193, 57, 10006944),
(1194, 57, 1000070),
(1195, 57, 10006843),
(1196, 57, 2012228),
(1197, 57, 10006909),
(1198, 57, 10002359),
(1199, 57, 14000980),
(1200, 57, 14000996),
(1201, 57, 10006862),
(1202, 57, 2018323),
(1203, 57, 14004754),
(1204, 57, 10006924),
(1205, 57, 6113),
(1206, 57, 2003693),
(1207, 57, 10006929),
(1208, 57, 10006867),
(1209, 57, 10008159),
(1210, 57, 14004596),
(1211, 57, 10005493),
(1212, 57, 2020131),
(1213, 57, 14003460),
(1214, 57, 10006871),
(1215, 57, 2013354),
(1216, 57, 2020130),
(1217, 58, 14003838),
(1218, 58, 10006928),
(1219, 58, 2012235),
(1220, 58, 2018379),
(1221, 58, 10006863),
(1222, 58, 10002514),
(1223, 58, 10006880),
(1224, 58, 10008159),
(1225, 58, 2014568),
(1226, 58, 14000996),
(1227, 58, 10006871),
(1228, 58, 14000980),
(1229, 58, 14004616),
(1230, 58, 2020130),
(1231, 58, 2012228),
(1232, 58, 2003693),
(1233, 58, 10006898),
(1234, 58, 10006909),
(1235, 58, 10002359),
(1236, 58, 10006867),
(1237, 58, 14003460),
(1238, 58, 10006929),
(1239, 58, 14004596),
(1240, 58, 14004754),
(1241, 58, 10006905),
(1242, 58, 2013354),
(1243, 58, 1000064),
(1244, 59, 10004078),
(1245, 59, 14003838),
(1246, 59, 2014568),
(1247, 59, 14001722),
(1248, 59, 10006928),
(1249, 59, 10006924),
(1250, 59, 10008190),
(1251, 59, 2012235),
(1252, 59, 2003693),
(1253, 59, 10006863),
(1254, 59, 10006944),
(1255, 59, 10006880),
(1256, 59, 10006871),
(1257, 59, 10000126),
(1258, 59, 10002514),
(1259, 59, 10006872),
(1260, 59, 10006867),
(1261, 59, 10008450),
(1262, 59, 2012228),
(1263, 59, 10006898),
(1264, 59, 2020130),
(1265, 59, 10002359),
(1266, 59, 14000980),
(1267, 59, 10006909),
(1268, 59, 2018323),
(1269, 59, 10006919),
(1270, 59, 10006929),
(1271, 59, 14000996),
(1272, 59, 10008159),
(1273, 59, 10006843),
(1274, 59, 2020131),
(1275, 59, 14004754),
(1276, 59, 14002764),
(1277, 60, 10006928),
(1278, 60, 10006845),
(1279, 60, 14004616),
(1280, 60, 14003838),
(1281, 60, 10006872),
(1282, 60, 10008190),
(1283, 60, 14000996),
(1284, 60, 10006880),
(1285, 60, 10006863),
(1286, 60, 10006909),
(1287, 60, 10010262),
(1288, 60, 2014568),
(1289, 60, 10006862),
(1290, 60, 10006924),
(1291, 60, 10007531),
(1292, 60, 10008306),
(1293, 60, 10002359),
(1294, 60, 10006898),
(1295, 60, 10002514),
(1296, 60, 10006867),
(1297, 60, 2013389),
(1298, 60, 2020131),
(1299, 60, 14000980),
(1300, 60, 14003460),
(1301, 61, 2020130),
(1302, 61, 10007531),
(1303, 61, 14000996),
(1304, 61, 10002359),
(1305, 61, 2018522),
(1306, 61, 10010053),
(1307, 61, 2020131),
(1308, 61, 2018323),
(1309, 61, 10008159),
(1310, 62, 14004616),
(1311, 62, 2003693),
(1312, 62, 14001722),
(1313, 62, 10010262),
(1314, 62, 10002514),
(1315, 62, 10006928),
(1316, 62, 10006929),
(1317, 62, 10006944),
(1318, 62, 10006843),
(1319, 62, 10008190),
(1320, 62, 2014568),
(1321, 62, 10006871),
(1322, 62, 10006909),
(1323, 62, 14003460),
(1324, 62, 10006845),
(1325, 62, 2013389),
(1326, 62, 10003047),
(1327, 62, 10008159),
(1328, 63, 14004616),
(1329, 63, 10010262),
(1330, 63, 10006928),
(1331, 63, 10006862),
(1332, 63, 10008190),
(1333, 63, 10003047),
(1334, 63, 2014568),
(1335, 63, 10002359),
(1336, 63, 10006898),
(1337, 63, 10006929),
(1338, 63, 14000996),
(1339, 63, 2020130),
(1340, 64, 10003047),
(1341, 64, 14004616),
(1342, 64, 10002514),
(1343, 64, 10006843),
(1344, 64, 10006872),
(1345, 64, 10006928),
(1346, 64, 10002359),
(1347, 64, 14003838),
(1348, 64, 10008190),
(1349, 64, 10006880),
(1350, 64, 10006944),
(1351, 64, 2012228),
(1352, 64, 2014568),
(1353, 64, 10006845),
(1354, 64, 10006862),
(1355, 64, 1000006),
(1356, 64, 10006898),
(1357, 64, 1000045),
(1358, 64, 10006909),
(1359, 64, 10008159),
(1360, 65, 2014568),
(1361, 65, 10004078),
(1362, 65, 14000996),
(1363, 65, 10010262),
(1364, 65, 10006928),
(1365, 65, 10003047),
(1366, 65, 14004616),
(1367, 65, 10008159),
(1368, 65, 10006862),
(1369, 65, 10007435),
(1370, 65, 2018323),
(1371, 65, 10006944),
(1372, 65, 2003693),
(1373, 65, 10006929),
(1374, 65, 10006880),
(1375, 65, 10006909),
(1376, 65, 10002514),
(1377, 65, 10002359),
(1378, 65, 2011787),
(1379, 66, 14003838),
(1380, 66, 14000996),
(1381, 66, 2014568),
(1382, 66, 10008190),
(1383, 66, 2011787),
(1384, 66, 10002359),
(1385, 66, 10006880),
(1386, 66, 10010262),
(1387, 66, 2020130),
(1388, 66, 14004616),
(1389, 66, 10002514),
(1390, 66, 10006909),
(1391, 66, 10006944),
(1392, 67, 2014568),
(1393, 67, 14000996),
(1394, 67, 2011787),
(1395, 67, 14004616),
(1396, 67, 2013389),
(1397, 67, 10006871),
(1398, 67, 10002359),
(1399, 67, 10006909),
(1400, 67, 10006862),
(1401, 67, 2020130),
(1402, 68, 2004976),
(1403, 68, 14004616),
(1404, 68, 14003460),
(1405, 68, 1000070),
(1406, 68, 10006909),
(1407, 68, 10006871),
(1408, 69, 2012228),
(1409, 69, 1000070),
(1410, 69, 10010262),
(1411, 69, 2013389),
(1412, 69, 10006905),
(1413, 69, 10003047),
(1414, 69, 14000996),
(1415, 69, 2003693),
(1416, 69, 10006862),
(1417, 69, 14004616),
(1418, 69, 10006871),
(1419, 69, 10002359),
(1420, 69, 10006909),
(1421, 69, 10006944),
(1422, 69, 10008159),
(1423, 70, 2011787),
(1424, 70, 10002514),
(1425, 70, 2014568),
(1426, 70, 10006929),
(1427, 70, 2013389),
(1428, 70, 14004616),
(1429, 70, 10010262),
(1430, 70, 2012228),
(1431, 70, 10006905),
(1432, 70, 10006862),
(1433, 70, 14000996),
(1434, 70, 14000980),
(1435, 70, 10006919),
(1436, 70, 10010379),
(1437, 70, 10010541),
(1438, 71, 10002514),
(1439, 71, 2014568),
(1440, 71, 2011787),
(1441, 71, 2013389),
(1442, 71, 1000045),
(1443, 71, 14004616),
(1444, 71, 2016875),
(1445, 71, 10008190),
(1446, 71, 10010542),
(1447, 71, 2012228),
(1448, 71, 10006944),
(1449, 71, 2020130),
(1450, 71, 10010379),
(1451, 71, 10008159),
(1452, 71, 10008306),
(1453, 71, 14000980),
(1454, 71, 2003693),
(1455, 71, 10007435),
(1456, 72, 2014568),
(1457, 72, 10002514),
(1458, 72, 2011787),
(1459, 72, 14004616),
(1460, 72, 2016875),
(1461, 72, 10003047),
(1462, 72, 10010379),
(1463, 72, 10010542),
(1464, 72, 2012228),
(1465, 72, 10010262),
(1466, 72, 14000980),
(1467, 72, 10006862),
(1468, 72, 2003693),
(1469, 72, 2020131),
(1470, 72, 10006871),
(1471, 72, 14000996),
(1472, 72, 1000045),
(1473, 72, 10008159),
(1474, 72, 10006905),
(1475, 72, 10010543),
(1476, 73, 10008159),
(1477, 73, 2012228),
(1478, 73, 2014568),
(1479, 73, 10006905),
(1480, 73, 2011787),
(1481, 73, 2013389),
(1482, 73, 2016875),
(1483, 73, 10008190),
(1484, 73, 10006944),
(1485, 73, 10002359),
(1486, 73, 14000996),
(1487, 73, 14000980),
(1488, 73, 10010262),
(1489, 73, 10010542),
(1490, 74, 120495),
(1491, 75, 2014568),
(1492, 75, 2011787),
(1493, 75, 14004616),
(1494, 75, 10010542),
(1495, 75, 1000045),
(1496, 75, 10006944),
(1497, 75, 2013389),
(1498, 75, 14000996),
(1499, 75, 10010262),
(1500, 75, 10002359),
(1501, 75, 10006909),
(1502, 75, 2020130),
(1503, 75, 10003047),
(1504, 75, 2020131),
(1505, 75, 10006871),
(1506, 76, 14004616),
(1507, 76, 10006871),
(1508, 76, 10008159),
(1509, 76, 10006909),
(1510, 76, 10002359),
(1511, 76, 10010559),
(1512, 76, 14004754),
(1513, 76, 2020131),
(1514, 76, 1000045),
(1515, 76, 10008306),
(1516, 76, 2020130),
(1517, 77, 2014568),
(1518, 77, 14003838),
(1519, 77, 10010262),
(1520, 77, 2011787),
(1521, 77, 14004616),
(1522, 77, 10003047),
(1523, 77, 1000045),
(1524, 77, 10010542),
(1525, 77, 14000996),
(1526, 77, 10006862),
(1527, 77, 2003693),
(1528, 77, 10006871),
(1529, 77, 10006909),
(1530, 77, 1000009),
(1531, 77, 2020130),
(1532, 77, 14003460),
(1533, 77, 2020131),
(1534, 77, 10010559),
(1535, 78, 2013389),
(1536, 78, 10002514),
(1537, 78, 2011787),
(1538, 78, 10010262),
(1539, 78, 10006944),
(1540, 78, 14004616),
(1541, 78, 10003047),
(1542, 78, 14003838),
(1543, 78, 2012228),
(1544, 78, 10006843),
(1545, 78, 10008190),
(1546, 78, 10010542),
(1547, 78, 14000996),
(1548, 78, 10002359),
(1549, 78, 10008306),
(1550, 78, 10006909),
(1551, 78, 10004648);

-- --------------------------------------------------------

--
-- Table structure for table `account`
--

CREATE TABLE IF NOT EXISTS `account` (
  `id` int(20) NOT NULL AUTO_INCREMENT,
  `nama` varchar(30) NOT NULL,
  `username` varchar(20) NOT NULL,
  `password` varchar(100) NOT NULL,
  `role` varchar(20) NOT NULL,
  `remember_token` varchar(100) NOT NULL,
  PRIMARY KEY (`username`),
  UNIQUE KEY `id_account` (`id`)
) ENGINE=InnoDB  DEFAULT CHARSET=latin1 AUTO_INCREMENT=25 ;

--
-- Dumping data for table `account`
--

INSERT INTO `account` (`id`, `nama`, `username`, `password`, `role`, `remember_token`) VALUES
(11, '123', '123', '$2y$10$cJ8Z8A92QYrfeJxi5VdQBeuF4Gqzb/CvFyqh0CyDxQtapG8kAyVS2', 'bar', '5zM6LQ6LnrWiN9wpCUWivJik4bD3QQbTlC1WefT7gWcuJpUxQA6nF05Zdfmg'),
(14, 'lantai 3', '456', '$2y$10$RaCVyMihYhsrsG2sqgUygO8Doo21058cE06XqUYEIbesjh7CWcx0W', 'bar', 'N4eVdB9Liji4M7h89ExAfNQRmzy2zIkpNhN18KoYPQXyP61v3HHjEBbRrQfG'),
(1, 'admin_vgs', 'admin', '$2y$10$A0Yr/v0hyKEEgcwUfEo7lOHhfDQTpfDfcjgZw3d79eH84/bhIcOsu', 'admin', '3qFRmfVZUr89BS9Vw8In7TwHOcazELvEM6RBw743EzdhuDo5wraYQS3vSUnJ'),
(23, 'AGUS', 'AGUS', '$2y$10$gMH//uH.yIoCifABzEi6wuHem9UqX/N22RU0.WDTDz8Uw74oa1Gfi', 'cashier', 'U2Xnon7iG0CaiuhqJ0wS5zrZTGcsns2eDdbFtA5I64sWcMCAUQ6nZQnT1i0m'),
(24, 'ALEX', 'ALEX', '$2y$10$ykwbNUsdLp1hHhV8LRG87e8O.mTjWs3D/SwQVtrKS3YvcfHDA27py', 'cashier', 'lSiRPbBGFwCkhJPISmncnc1ziNC8jN1F7bK8EKslh2ueMYT9dJUnLxpYSbEG'),
(13, 'anton', 'anton', '$2y$10$OIxt2YI7W.ciYp5mpbXdT.0Q4V3smkvg5GaFDitU2Mt/LDQGfCUm2', 'anton', 'rq6cY6yhOQrCrNkSnQGNREaWrqn7eB7PGiGszSo69zf5mVbD6fSxcOiOwNXv'),
(2, 'cashier_vgs', 'cashier', '$2y$10$aHGE8Q5cXlF6gPtkHzOaDejlFBMVNOxJg.szYyeZgk8YBzvVEtQdW', 'cashier', 'qq53Cjmwgavkv4KDWS9q5M77wWKfNblpGBCZuuJ6khGd9uiSqUwt7YfsYOsv'),
(17, 'fikri', 'fikri', '$2y$10$rlHfQhYqFspriTeLZdyekePjRjOklC.EAY7r9Fxff0WcOI2kr1RGC', 'cashier', 'uPshjG5hVtbz5QF5HRrZfG1odt5I0QmerXvpDtAC3nbYqo3LNtm45H7x6dQo'),
(22, 'Maman', 'Maman', '$2y$10$Nej3iT7.dmjBfdKgMMSB4OBOdjXXHZd6/cjy.W.ro3eOimpjqpcxS', 'cashier', 'TYo4NnhZ0aNwegL2KuBKPcXH3aOI2dYmYpyLOrGnXDw3wqgPCnhk7y1doXUL'),
(4, 'supervisor_vgs', 'supervisor', '$2y$10$e3zlh0o/3pwlGRkjYhCeCuoXoDSTWCSqKg01ouDfV95brE527tEgK', 'supervisor', 'AxAMgEufiEn8KnEOjTnzYmVq6sP8bsrQ0C3eP7ysPDdlTiwke9y6Q976YbtJ');

-- --------------------------------------------------------

--
-- Table structure for table `customer`
--

CREATE TABLE IF NOT EXISTS `customer` (
  `id_customer` int(20) NOT NULL AUTO_INCREMENT,
  `nama` varchar(30) NOT NULL,
  `birthdate` date NOT NULL,
  `saldo` int(11) NOT NULL,
  PRIMARY KEY (`id_customer`)
) ENGINE=InnoDB DEFAULT CHARSET=latin1 AUTO_INCREMENT=1 ;

-- --------------------------------------------------------

--
-- Table structure for table `fasilitas`
--

CREATE TABLE IF NOT EXISTS `fasilitas` (
  `id_fasilitas` int(11) NOT NULL AUTO_INCREMENT,
  `nama` varchar(30) NOT NULL,
  `harga` int(11) NOT NULL,
  `menit` varchar(11) NOT NULL,
  PRIMARY KEY (`id_fasilitas`)
) ENGINE=InnoDB  DEFAULT CHARSET=latin1 AUTO_INCREMENT=13 ;

--
-- Dumping data for table `fasilitas`
--

INSERT INTO `fasilitas` (`id_fasilitas`, `nama`, `harga`, `menit`) VALUES
(1, 'Massage', 110000, '< 60'),
(2, 'Massage', 110000, '60'),
(8, 'Karaoke', 50000, '60'),
(9, 'Massage', 55000, '+ 15'),
(10, 'Reflexy', 0, '< 3'),
(11, 'Reflexy', 14000, '3'),
(12, 'Reflexy', 14000, '+ 10');

-- --------------------------------------------------------

--
-- Table structure for table `fasilitas_refleksi`
--

CREATE TABLE IF NOT EXISTS `fasilitas_refleksi` (
  `id_fasilitas` int(11) NOT NULL AUTO_INCREMENT,
  `owner` float NOT NULL,
  `terapis` float NOT NULL,
  PRIMARY KEY (`id_fasilitas`)
) ENGINE=InnoDB  DEFAULT CHARSET=latin1 AUTO_INCREMENT=2 ;

--
-- Dumping data for table `fasilitas_refleksi`
--

INSERT INTO `fasilitas_refleksi` (`id_fasilitas`, `owner`, `terapis`) VALUES
(1, 50, 50);

-- --------------------------------------------------------

--
-- Table structure for table `gelang`
--

CREATE TABLE IF NOT EXISTS `gelang` (
  `id_gelang` int(20) NOT NULL AUTO_INCREMENT,
  `saldo` int(11) NOT NULL,
  PRIMARY KEY (`id_gelang`)
) ENGINE=InnoDB  DEFAULT CHARSET=latin1 AUTO_INCREMENT=140045804 ;

--
-- Dumping data for table `gelang`
--

INSERT INTO `gelang` (`id_gelang`, `saldo`) VALUES
(1, 131003),
(1100005, 0),
(1100017, 3500),
(1100019, 7500),
(1100046, 15000),
(1100047, 3500),
(1100052, 7000),
(1100053, 6000),
(1100077, 50500),
(1100080, 12000),
(1100092, 7500),
(1100100, 1000),
(1100103, 5000),
(1100105, 6000),
(1100119, 10500),
(1100121, 2500),
(1100123, 25000),
(1100124, 18000),
(1100133, 39000),
(1100141, 8000),
(1100149, 11500),
(1100153, 5000),
(1100156, 18000),
(1100157, 9000),
(1100160, 10000),
(1100163, 2500),
(1100164, 53500),
(1100165, 22500),
(1100173, 2000),
(1100175, 3500),
(1100176, 78000),
(1100177, 38000),
(1100178, 13000),
(1100179, 4000),
(1100180, 1000),
(1100181, 2500),
(1100182, 55500),
(1100205, 53000),
(1100212, 4000),
(1100213, 29000),
(1100214, 12500),
(1100215, 10000),
(1100216, 37000),
(1100217, 18000),
(1100218, 3000),
(1100220, 12500),
(1100235, 4000),
(1100244, 21000),
(1100245, 1000),
(1100246, 35500),
(1100247, 12000),
(1100248, 2500),
(1100249, 8500),
(1100250, 4500),
(1100251, 0),
(1100252, 22000),
(1100253, 5500),
(1100254, 3000),
(1100255, 48000),
(1100256, 15500),
(1100257, 7000),
(1100258, 13500),
(1100259, 7000),
(1100260, 11000),
(1100261, 0),
(1100262, 10000),
(1100265, 8000),
(1100266, 4500),
(1100268, 12000),
(1100271, 7500),
(1100272, 19500),
(1100273, 500),
(1100277, 25000),
(1100285, 11500),
(1100287, 27000),
(1100288, 13500),
(1100290, 8000),
(1100294, 3500),
(1100298, 6500),
(1100413, 9000),
(1100447, 13000),
(1100469, 8000),
(1100471, 4000),
(1100472, 5500),
(1100479, 8000),
(1100488, 11500),
(1400361, 0),
(2010262, 0),
(10002514, 15000),
(10006869, 2500),
(10006931, 0),
(10010073, 0),
(10010074, 0),
(10010075, 0),
(10010076, 15000),
(10010077, 0),
(10010078, 35000),
(10010079, 0),
(10010080, 0),
(10010081, 0),
(10010082, 0),
(10010083, 0),
(10010084, 0),
(10010085, 0),
(10010086, 0),
(10010087, 20000),
(10010088, 0),
(10010089, 60000),
(10010090, 0),
(10010091, 0),
(10010092, 0),
(10010093, 0),
(10010094, 0),
(10010095, 0),
(10010096, 25000),
(10010097, 0),
(10010098, 40000),
(10010099, 0),
(10010100, 2500),
(10010101, 0),
(10010103, 0),
(10010104, 0),
(10010105, 0),
(10010106, 0),
(10010107, 0),
(10010162, 0),
(10010163, 0),
(10010164, 0),
(10010165, 0),
(10010166, 0),
(10010167, 0),
(10010169, 7000),
(10010170, 0),
(10010171, 80000),
(10010172, 40000),
(10010173, 0),
(10010180, 0),
(10010181, 0),
(10010182, 0),
(10010183, 0),
(10010184, 0),
(10010185, 0),
(10010253, 0),
(10010256, 0),
(10010257, 0),
(10010258, 42500),
(10010259, 0),
(10010260, 0),
(10010263, 0),
(10010264, 0),
(10010265, 0),
(10010266, 0),
(10010267, 0),
(10010268, 0),
(10010269, 0),
(10010270, 0),
(10010271, 0),
(10010272, 0),
(10010273, 0),
(10010274, 0),
(10010279, 0),
(10010286, 0),
(10010287, 0),
(10010291, 0),
(10010292, 0),
(10010293, 20000),
(10010306, 0),
(10010307, 0),
(10010308, 0),
(10010309, 0),
(10010310, 0),
(10010312, 0),
(10010313, 0),
(10010320, 0),
(10010321, 0),
(10010322, 0),
(10010323, 0),
(10010334, 0),
(10010335, 0),
(10010336, 210000),
(10010337, 0),
(10010338, 0),
(10010339, 0),
(10010340, 0),
(10010363, 0),
(10010364, 0),
(10010365, 0),
(10010367, 0),
(10010368, 0),
(10010370, 0),
(10010371, 0),
(10010377, 0),
(10010378, 0),
(10010381, 0),
(10010383, 0),
(10010384, 0),
(10010389, 0),
(10010392, 0),
(10010397, 0),
(10010407, 0),
(10010444, 25000),
(10010446, 0),
(10010460, 47500),
(10010464, 0),
(10010487, 0),
(10010491, 0),
(10010492, 0),
(10010493, 0),
(10010494, 0),
(10010497, 0),
(10010498, 15000),
(10010499, 0),
(10010500, 0),
(10010502, 0),
(10010506, 0),
(10010509, 0),
(10010510, 0),
(10010512, 0),
(10010513, 0),
(10010514, 0),
(10010519, 0),
(10010522, 0),
(10010526, 0),
(10010539, 0),
(10010540, 0),
(10010544, 0),
(10010545, 0),
(10010546, 0),
(10010547, 0),
(10010548, 0),
(10010549, 0),
(10010550, 0),
(10010554, 0),
(10010555, 0),
(10010556, 0),
(10010557, 2500),
(10010560, 0),
(10010561, 0),
(10010562, 0),
(10010564, 0),
(10010565, 0),
(10010566, 0),
(10010567, 0),
(10010568, 157500),
(10010576, 20000),
(10010577, 0),
(10010580, 0),
(10010582, 0),
(10010583, 0),
(10010587, 0),
(10010589, 0),
(10010593, 0),
(10010595, 0),
(14000001, 0),
(14000002, 0),
(14000003, 0),
(14000004, 0),
(14000005, 0),
(14000006, 250000),
(14000007, 0),
(14000008, 0),
(14000009, 0),
(14000010, 0),
(14000011, 0),
(14000012, 0),
(14000013, 0),
(14000014, 0),
(14000015, 0),
(14000016, 25000),
(14000017, 0),
(14000018, 5000),
(14000019, 0),
(14000020, 0),
(14000021, 0),
(14000022, 0),
(14000023, 0),
(14000024, 0),
(14000025, 0),
(14000026, 501),
(14000027, 0),
(14000028, 15000),
(14000029, 0),
(14000030, 0),
(14000031, 0),
(14000032, 0),
(14000033, 0),
(14000034, 0),
(14000035, 0),
(14000036, 42500),
(14000037, 0),
(14000038, 0),
(14000039, 0),
(14000040, 0),
(14000041, 37500),
(14000042, 15000),
(14000043, 10000),
(14000044, 0),
(14000045, 0),
(14000046, 0),
(14000047, 0),
(14000048, 0),
(14000049, 0),
(14000050, 0),
(14000051, 0),
(14000052, 0),
(14000053, 0),
(14000054, 0),
(14000055, 0),
(14000056, 0),
(14000057, 0),
(14000058, 2000),
(14000059, 0),
(14000060, 0),
(14000061, 0),
(14000062, 0),
(14000063, 2500),
(14000064, 3500),
(14000065, 0),
(14000066, 0),
(14000067, 0),
(14000068, 0),
(14000069, 65000),
(14000070, 0),
(14000071, 0),
(14000072, 27500),
(14000073, 0),
(14000074, 0),
(14000075, 0),
(14000076, 0),
(14000077, 0),
(14000078, 0),
(14000079, 0),
(14000080, 0),
(14000081, 0),
(14000082, 0),
(14000083, 2500),
(14000084, 0),
(14000085, 0),
(14000086, 0),
(14000087, 0),
(14000088, 0),
(14000089, 0),
(14000090, 0),
(14000091, 0),
(14000092, 0),
(14000093, 0),
(14000094, 0),
(14000095, 0),
(14000096, 0),
(14000097, 52500),
(14000098, 0),
(14000099, 0),
(14000100, 0),
(14000101, 0),
(14000102, 0),
(14000103, 0),
(14000104, 0),
(14000105, 0),
(14000106, 0),
(14000107, 0),
(14000108, 0),
(14000109, 0),
(14000110, 0),
(14000111, 0),
(14000112, 42500),
(14000113, 0),
(14000114, 0),
(14000115, 0),
(14000116, 0),
(14000117, 0),
(14000118, 0),
(14000119, 0),
(14000120, 0),
(14000121, 0),
(14000122, 0),
(14000123, 0),
(14000124, 0),
(14000125, 0),
(14000126, 0),
(14000127, 0),
(14000128, 0),
(14000129, 0),
(14000130, 0),
(14000131, 0),
(14000132, 0),
(14000133, 0),
(14000134, 0),
(14000135, 2500),
(14000136, 0),
(14000137, 0),
(14000138, 5000),
(14000139, 0),
(14000140, 0),
(14000141, 0),
(14000142, 0),
(14000143, 0),
(14000144, 60000),
(14000145, 15000),
(14000146, 0),
(14000147, 0),
(14000148, 0),
(14000149, 0),
(14000150, 27500),
(14000151, 0),
(14000152, 0),
(14000153, 0),
(14000154, 0),
(14000155, 20000),
(14000156, 0),
(14000157, 10000),
(14000158, 0),
(14000159, 0),
(14000160, 7500),
(14000161, 2500),
(14000162, 0),
(14000163, 2500),
(14000164, 0),
(14000165, 0),
(14000166, 25000),
(14000167, 0),
(14000168, 12500),
(14000169, 5000),
(14000170, 0),
(14000171, 0),
(14000172, 0),
(14000173, 13500),
(14000174, 0),
(14000175, 17500),
(14000176, 0),
(14000177, 0),
(14000178, 30000),
(14000179, 0),
(14000180, 0),
(14000181, 0),
(14000182, 0),
(14000183, 0),
(14000184, 0),
(14000185, 0),
(14000186, 0),
(14000187, 0),
(14000188, 0),
(14000189, 1500),
(14000190, 0),
(14000191, 0),
(14000192, 0),
(14000193, 0),
(14000194, 25000),
(14000195, 0),
(14000196, 0),
(14000197, 0),
(14000198, 0),
(14000199, 0),
(14000200, 0),
(14000201, 0),
(14000202, 35000),
(14000203, 0),
(14000204, 0),
(14000205, 0),
(14000206, 0),
(14000207, 0),
(14000208, 0),
(14000209, 0),
(14000210, 0),
(14000211, 2500),
(14000212, 0),
(14000213, 1000),
(14000214, 0),
(14000215, 25000),
(14000216, 22500),
(14000217, 0),
(14000218, 0),
(14000219, 0),
(14000220, 0),
(14000221, 0),
(14000222, 0),
(14000223, 25000),
(14000224, 2500),
(14000225, 0),
(14000226, 0),
(14000227, 0),
(14000228, 0),
(14000229, 0),
(14000230, 0),
(14000231, 15000),
(14000232, 0),
(14000233, 2500),
(14000234, 0),
(14000235, 0),
(14000236, 37500),
(14000237, 0),
(14000238, 0),
(14000239, 35000),
(14000240, 40000),
(14000241, 2500),
(14000242, 0),
(14000243, 0),
(14000244, 35000),
(14000245, 25000),
(14000246, 210000),
(14000247, 5000),
(14000248, 0),
(14000249, 0),
(14000250, 0),
(14000251, 0),
(14000252, 0),
(14000253, 2500),
(14000254, 2500),
(14000255, 0),
(14000256, 0),
(14000257, 0),
(14000258, 10000),
(14000259, 0),
(14000260, 0),
(14000261, 2500),
(14000262, 0),
(14000263, 2500),
(14000264, 0),
(14000265, 0),
(14000266, 0),
(14000267, 0),
(14000268, 195000),
(14000269, 0),
(14000270, 70000),
(14000271, 0),
(14000272, 0),
(14000273, 0),
(14000274, 20000),
(14000275, 0),
(14000276, 0),
(14000277, 0),
(14000278, 0),
(14000279, 0),
(14000280, 0),
(14000281, 0),
(14000282, 0),
(14000283, 40000),
(14000284, 0),
(14000285, 0),
(14000286, 0),
(14000287, 0),
(14000288, 50000),
(14000289, 20000),
(14000290, 0),
(14000291, 0),
(14000292, 0),
(14000293, 0),
(14000294, 0),
(14000295, 2500),
(14000296, 2500),
(14000297, 0),
(14000298, 500),
(14000299, 0),
(14000300, 17500),
(14000301, 0),
(14000302, 0),
(14000303, 0),
(14000304, 2500),
(14000305, 2500),
(14000306, 2500),
(14000307, 0),
(14000308, 195000),
(14000309, 0),
(14000310, 0),
(14000311, 0),
(14000312, 0),
(14000313, 0),
(14000314, 0),
(14000315, 0),
(14000316, 0),
(14000317, 0),
(14000318, 0),
(14000319, 0),
(14000320, 0),
(14000321, 2500),
(14000322, 0),
(14000323, 0),
(14000324, 3000),
(14000325, 0),
(14000326, 2500),
(14000327, 0),
(14000328, 0),
(14000329, 0),
(14000330, 0),
(14000331, 0),
(14000332, 0),
(14000333, 0),
(14000334, 0),
(14000335, 0),
(14000336, 15000),
(14000337, 0),
(14000338, 0),
(14000339, 0),
(14000340, 0),
(14000341, 0),
(14000342, 0),
(14000343, 2500),
(14000344, 0),
(14000345, 0),
(14000346, 0),
(14000347, 0),
(14000348, 2500),
(14000349, 25000),
(14000350, 0),
(14000351, 0),
(14000352, 0),
(14000353, 70000),
(14000354, 0),
(14000355, 0),
(14000356, 20000),
(14000357, 0),
(14000358, 0),
(14000359, 0),
(14000360, 0),
(14000361, 0),
(14000362, 0),
(14000363, 0),
(14000364, 0),
(14000365, 0),
(14000366, 0),
(14000367, 0),
(14000368, 0),
(14000369, 0),
(14000370, 2500),
(14000371, 2500),
(14000372, 0),
(14000373, 0),
(14000374, 0),
(14000375, 27500),
(14000376, 2500),
(14000377, 0),
(14000378, 0),
(14000379, 0),
(14000380, 0),
(14000381, 0),
(14000382, 0),
(14000383, 0),
(14000384, 0),
(14000385, 0),
(14000386, 70000),
(14000387, 0),
(14000388, 2500),
(14000389, 7500),
(14000390, 0),
(14000391, 0),
(14000392, 0),
(14000393, 0),
(14000394, 0),
(14000395, 0),
(14000396, 0),
(14000397, 0),
(14000398, 5000),
(14000399, 0),
(14000400, 0),
(14000401, 0),
(14000402, 0),
(14000403, 0),
(14000404, 0),
(14000405, 2500),
(14000406, 0),
(14000407, 0),
(14000408, 0),
(14000409, 0),
(14000410, 40000),
(14000411, 0),
(14000412, 0),
(14000413, 0),
(14000414, 0),
(14000415, 0),
(14000416, 20000),
(14000417, 2500),
(14000418, 0),
(14000419, 0),
(14000420, 0),
(14000421, 55000),
(14000422, 0),
(14000423, 0),
(14000424, 20000),
(14000425, 20000),
(14000426, 2500),
(14000427, 0),
(14000428, 5000),
(14000429, 0),
(14000430, 0),
(14000431, 0),
(14000432, 0),
(14000433, 5000),
(14000434, 20000),
(14000435, 0),
(14000436, 0),
(14000437, 5000),
(14000438, 20000),
(14000439, 0),
(14000440, 0),
(14000441, 0),
(14000442, 0),
(14000443, 0),
(14000444, 0),
(14000445, 0),
(14000446, 0),
(14000447, 0),
(14000448, 0),
(14000449, 0),
(14000450, 0),
(14000451, 0),
(14000452, 0),
(14000453, 2500),
(14000454, 2500),
(14000455, 0),
(14000456, 0),
(14000457, 0),
(14000458, 0),
(14000459, 0),
(14000460, 0),
(14000461, 210000),
(14000462, 2500),
(14000463, 2500),
(14000464, 2500),
(14000465, 15000),
(14000466, 67500),
(14000467, 0),
(14000468, 0),
(14000469, 0),
(14000470, 0),
(14000471, 0),
(14000472, 20000),
(14000473, 70000),
(14000474, 0),
(14000475, 0),
(14000476, 0),
(14000477, 0),
(14000478, 0),
(14000479, 0),
(14000480, 5500),
(14000481, 0),
(14000482, 57500),
(14000483, 0),
(14000484, 25000),
(14000485, 0),
(14000486, 0),
(14000487, 0),
(14000488, 10000),
(14000489, 0),
(14000490, 0),
(14000491, 0),
(14000492, 0),
(14000493, 0),
(14000494, 0),
(14000495, 0),
(14000496, 0),
(14000497, 0),
(14000498, 0),
(14000499, 0),
(14000500, 0),
(14000501, 0),
(14000502, 0),
(14000503, 0),
(14000504, 0),
(14000505, 0),
(14000506, 0),
(14000507, 0),
(14000508, 0),
(14000509, 0),
(14000510, 0),
(14000511, 0),
(14000512, 0),
(14000513, 0),
(14000514, 0),
(14000515, 0),
(14000516, 0),
(14000517, 0),
(14000518, 0),
(14000519, 0),
(14000520, 0),
(14000521, 0),
(14000522, 0),
(14000523, 0),
(14000524, 0),
(14000525, 0),
(14000526, 2500),
(14000527, 0),
(14000528, 0),
(14000529, 0),
(14000530, 0),
(14000531, 0),
(14000532, 0),
(14000533, 0),
(14000534, 0),
(14000535, 0),
(14000536, 0),
(14000537, 0),
(14000538, 0),
(14000539, 0),
(14000540, 0),
(14000541, 0),
(14000542, 0),
(14000543, 0),
(14000544, 45000),
(14000545, 0),
(14000546, 0),
(14000547, 0),
(14000548, 0),
(14000549, 0),
(14000550, 0),
(14000551, 25000),
(14000552, 0),
(14000553, 0),
(14000554, 0),
(14000555, 7500),
(14000556, 0),
(14000557, 0),
(14000558, 0),
(14000559, 0),
(14000560, 0),
(14000561, 0),
(14000562, 0),
(14000563, 0),
(14000564, 0),
(14000565, 10000),
(14000566, 35000),
(14000567, 0),
(14000568, 0),
(14000569, 0),
(14000570, 52500),
(14000571, 7500),
(14000572, 10000),
(14000573, 0),
(14000574, 0),
(14000575, 10000),
(14000576, 0),
(14000577, 0),
(14000578, 50000),
(14000579, 0),
(14000580, 0),
(14000581, 0),
(14000582, 0),
(14000583, 0),
(14000584, 72500),
(14000585, 0),
(14000586, 20000),
(14000587, 0),
(14000588, 2500),
(14000589, 0),
(14000590, 0),
(14000591, 0),
(14000592, 0),
(14000593, 0),
(14000594, 0),
(14000595, 0),
(14000596, 0),
(14000597, 0),
(14000598, 110000),
(14000599, 0),
(14000600, 0),
(14000601, 0),
(14000602, 0),
(14000603, 0),
(14000604, 0),
(14000605, 20000),
(14000606, 5000),
(14000607, 0),
(14000608, 0),
(14000609, 15000),
(14000610, 0),
(14000611, 2500),
(14000612, 0),
(14000613, 25000),
(14000614, 0),
(14000615, 0),
(14000616, 0),
(14000617, 0),
(14000618, 5000),
(14000619, 0),
(14000620, 2500),
(14000621, 2500),
(14000622, 0),
(14000623, 1000),
(14000624, 20000),
(14000625, 0),
(14000626, 0),
(14000627, 0),
(14000628, 0),
(14000629, 0),
(14000630, 0),
(14000631, 0),
(14000632, 0),
(14000633, 52500),
(14000634, 0),
(14000635, 0),
(14000636, 0),
(14000637, 65000),
(14000638, 10000),
(14000639, 0),
(14000640, 0),
(14000641, 0),
(14000642, 0),
(14000643, 0),
(14000644, 0),
(14000645, 7500),
(14000646, 0),
(14000647, 0),
(14000648, 12500),
(14000649, 0),
(14000650, 0),
(14000651, 0),
(14000652, 0),
(14000653, 0),
(14000654, 2500),
(14000655, 0),
(14000656, 0),
(14000657, 0),
(14000658, 0),
(14000659, 0),
(14000660, 0),
(14000661, 5000),
(14000662, 0),
(14000663, 0),
(14000664, 17500),
(14000665, 10000),
(14000666, 0),
(14000667, 5000),
(14000668, 0),
(14000669, 0),
(14000670, 0),
(14000671, 0),
(14000672, 0),
(14000673, 62500),
(14000674, 0),
(14000675, 0),
(14000676, 0),
(14000677, 0),
(14000678, 0),
(14000679, 0),
(14000680, 0),
(14000681, 0),
(14000682, 22500),
(14000683, 0),
(14000684, 25000),
(14000685, 0),
(14000686, 0),
(14000687, 0),
(14000688, 0),
(14000689, 0),
(14000690, 15000),
(14000692, 0),
(14000693, 0),
(14000694, 27500),
(14000695, 0),
(14000696, 0),
(14000697, 0),
(14000698, 0),
(14000699, 0),
(14000700, 40000),
(14000701, 5000),
(14000702, 0),
(14000703, 0),
(14000704, 0),
(14000705, 0),
(14000706, 0),
(14000707, 0),
(14000708, 0),
(14000709, 0),
(14000710, 0),
(14000711, 0),
(14000712, 0),
(14000713, 0),
(14000714, 0),
(14000715, 0),
(14000716, 0),
(14000717, 0),
(14000718, 10000),
(14000719, 0),
(14000720, 0),
(14000721, 0),
(14000722, 1000),
(14000723, 0),
(14000724, 0),
(14000725, 0),
(14000726, 0),
(14000727, 0),
(14000728, 0),
(14000729, 2500),
(14000730, 80000),
(14000731, 20000),
(14000732, 0),
(14000733, 60000),
(14000734, 5000),
(14000735, 0),
(14000736, 0),
(14000737, 2500),
(14000738, 2500),
(14000739, 20000),
(14000740, 0),
(14000741, 0),
(14000742, 10000),
(14000743, 0),
(14000744, 0),
(14000745, 0),
(14000746, 2500),
(14000747, 0),
(14000748, 2500),
(14000749, 0),
(14000750, 0),
(14000751, 2500),
(14000752, 20000),
(14000753, 0),
(14000754, 0),
(14000755, 0),
(14000756, 40000),
(14000757, 0),
(14000758, 7500),
(14000759, 30000),
(14000760, 0),
(14000761, 0),
(14000762, 0),
(14000763, 0),
(14000764, 10000),
(14000765, 0),
(14000766, 5000),
(14000767, 0),
(14000768, 0),
(14000769, 0),
(14000770, 45000),
(14000771, 0),
(14000772, 67500),
(14000773, 0),
(14000774, 0),
(14000775, 0),
(14000776, 0),
(14000777, 0),
(14000778, 27500),
(14000779, 0),
(14000780, 0),
(14000781, 0),
(14000782, 0),
(14000783, 0),
(14000784, 37500),
(14000785, 0),
(14000786, 5000),
(14000787, 25000),
(14000788, 90000),
(14000789, 0),
(14000790, 0),
(14000791, 27500),
(14000792, 0),
(14000793, 0),
(14000794, 0),
(14000795, 2500),
(14000796, 5000),
(14000797, 20000),
(14000798, 0),
(14000799, 50000),
(14000800, 60000),
(14000801, 0),
(14000802, 0),
(14000803, 7500),
(14000804, 0),
(14000805, 0),
(14000806, 22500),
(14000807, 0),
(14000808, 5000),
(14000809, 0),
(14000810, 0),
(14000811, 0),
(14000812, 0),
(14000813, 0),
(14000814, 0),
(14000815, 0),
(14000816, 0),
(14000817, 0),
(14000818, 2500),
(14000819, 0),
(14000820, 5000),
(14000821, 5000),
(14000822, 0),
(14000823, 0),
(14000824, 0),
(14000825, 0),
(14000826, 0),
(14000827, 0),
(14000828, 2500),
(14000829, 45000),
(14000830, 0),
(14000831, 0),
(14000832, 0),
(14000833, 0),
(14000834, 0),
(14000835, 0),
(14000836, 212500),
(14000837, 0),
(14000838, 0),
(14000839, 0),
(14000840, 0),
(14000841, 0),
(14000842, 45000),
(14000843, 0),
(14000844, 15000),
(14000845, 0),
(14000846, 0),
(14000847, 0),
(14000848, 0),
(14000849, 0),
(14000850, 0),
(14000851, 0),
(14000852, 0),
(14000853, 0),
(14000854, 2500),
(14000855, 0),
(14000856, 0),
(14000857, 0),
(14000858, 5000),
(14000859, 0),
(14000860, 0),
(14000861, 0),
(14000862, 0),
(14000863, 15000),
(14000864, 122500),
(14000865, 0),
(14000866, 72500),
(14000867, 0),
(14000868, 0),
(14000869, 0),
(14000870, 0),
(14000871, 45000),
(14000872, 5000),
(14000873, 0),
(14000874, 0),
(14000875, 25000),
(14000876, 0),
(14000877, 5000),
(14000878, 0),
(14000879, 5000),
(14000880, 0),
(14000881, 0),
(14000882, 0),
(14000883, 0),
(14000884, 0),
(14000885, 0),
(14000886, 5000),
(14000887, 0),
(14000888, 0),
(14000889, 0),
(14000890, 0),
(14000891, 10000),
(14000892, 0),
(14000893, 0),
(14000894, 0),
(14000895, 0),
(14000896, 0),
(14000897, 0),
(14000898, 0),
(14000899, 0),
(14000900, 0),
(14000901, 0),
(14000902, 0),
(14000903, 0),
(14000904, 0),
(14000905, 0),
(14000906, 0),
(14000907, 0),
(14000908, 0),
(14000909, 0),
(14000910, 10000),
(14000911, 25000),
(14000912, 0),
(14000913, 0),
(14000914, 0),
(14000915, 0),
(14000916, 0),
(14000917, 0),
(14000918, 2500),
(14000919, 0),
(14000920, 2500),
(14000921, 0),
(14000922, 0),
(14000923, 0),
(14000924, 0),
(14000925, 0),
(14000926, 0),
(14000927, 0),
(14000928, 0),
(14000929, 0),
(14000930, 0),
(14000931, 0),
(14000932, 0),
(14000933, 0),
(14000934, 0),
(14000935, 2500),
(14000936, 0),
(14000937, 0),
(14000938, 0),
(14000939, 5000),
(14000940, 0),
(14000941, 2500),
(14000942, 0),
(14000943, 0),
(14000944, 0),
(14000945, 5000),
(14000946, 5000),
(14000947, 0),
(14000948, 0),
(14000949, 0),
(14000950, 0),
(14000951, 63000),
(14000952, 0),
(14000953, 0),
(14000954, 0),
(14000955, 0),
(14000956, 0),
(14000957, 0),
(14000958, 0),
(14000959, 0),
(14000960, 0),
(14000961, 0),
(14000962, 0),
(14000963, 0),
(14000964, 0),
(14000965, 8000),
(14000966, 6500),
(14000967, 12500),
(14000968, 0),
(14000969, 0),
(14000970, 0),
(14000971, 0),
(14000972, 0),
(14000973, 0),
(14000974, 12500),
(14000975, 0),
(14000976, 0),
(14000977, 0),
(14000978, 0),
(14000979, 0),
(14000981, 0),
(14000982, 0),
(14000983, 0),
(14000984, 0),
(14000985, 0),
(14000986, 65000),
(14000987, 0),
(14000988, 0),
(14000989, 0),
(14000990, 15000),
(14000991, 0),
(14000992, 0),
(14000993, 35000),
(14000994, 0),
(14000995, 0),
(14000997, 0),
(14000998, 0),
(14000999, 0),
(14001000, 0),
(14001001, 0),
(14001002, 50000),
(14001003, 0),
(14001004, 0),
(14001005, 0),
(14001006, 0),
(14001007, 0),
(14001008, 0),
(14001009, 0),
(14001010, 0),
(14001011, 0),
(14001012, 0),
(14001013, 0),
(14001014, 0),
(14001015, 0),
(14001016, 0),
(14001017, 0),
(14001018, 92500),
(14001019, 0),
(14001020, 0),
(14001021, 0),
(14001022, 0),
(14001023, 0),
(14001024, 0),
(14001025, 0),
(14001026, 300000),
(14001027, 0),
(14001028, 0),
(14001029, 0),
(14001030, 0),
(14001031, 0),
(14001032, 0),
(14001033, 0),
(14001034, 23500),
(14001035, 0),
(14001036, 0),
(14001037, 0),
(14001038, 0),
(14001039, 0),
(14001040, 0),
(14001041, 0),
(14001042, 0),
(14001043, 0),
(14001044, 0),
(14001045, 0),
(14001046, 0),
(14001047, 27500),
(14001048, 0),
(14001049, 0),
(14001050, 0),
(14001051, 0),
(14001052, 0),
(14001053, 0),
(14001054, 0),
(14001055, 0),
(14001056, 0),
(14001057, 0),
(14001058, 0),
(14001059, 0),
(14001060, 0),
(14001061, 0),
(14001062, 45000),
(14001063, 0),
(14001064, 0),
(14001065, 0),
(14001066, 0),
(14001067, 0),
(14001068, 0),
(14001069, 0),
(14001070, 0),
(14001071, 0),
(14001072, 0),
(14001073, 0),
(14001074, 0),
(14001075, 0),
(14001076, 0),
(14001077, 0),
(14001078, 0),
(14001079, 0),
(14001080, 0),
(14001081, 0),
(14001082, 0),
(14001083, 0),
(14001084, 0),
(14001085, 0),
(14001086, 0),
(14001087, 0),
(14001088, 0),
(14001089, 0),
(14001090, 0),
(14001091, 0),
(14001092, 0),
(14001093, 0),
(14001094, 0),
(14001095, 0),
(14001096, 0),
(14001097, 2500),
(14001098, 0),
(14001099, 0),
(14001100, 0),
(14001101, 0),
(14001102, 0),
(14001103, 0),
(14001104, 0),
(14001105, 26500),
(14001106, 0),
(14001107, 0),
(14001108, 0),
(14001109, 0),
(14001110, 0),
(14001111, 0),
(14001112, 30000),
(14001113, 10000),
(14001114, 0),
(14001115, 0),
(14001116, 0),
(14001117, 0),
(14001118, 0),
(14001119, 0),
(14001120, 0),
(14001121, 0),
(14001122, 0),
(14001123, 0),
(14001124, 0),
(14001125, 0),
(14001126, 0),
(14001127, 0),
(14001128, 0),
(14001129, 0),
(14001130, 0),
(14001131, 0),
(14001132, 0),
(14001133, 382500),
(14001134, 0),
(14001135, 0),
(14001136, 0),
(14001137, 0),
(14001138, 0),
(14001139, 0),
(14001140, 0),
(14001141, 0),
(14001142, 0),
(14001143, 0),
(14001144, 0),
(14001145, 0),
(14001146, 0),
(14001147, 2500),
(14001148, 0),
(14001149, 0),
(14001150, 0),
(14001151, 0),
(14001152, 0),
(14001153, 25000),
(14001154, 0),
(14001155, 2500),
(14001156, 0),
(14001157, 0),
(14001158, 0),
(14001159, 0),
(14001160, 0),
(14001161, 0),
(14001162, 0),
(14001163, 0),
(14001164, 0),
(14001165, 0),
(14001166, 0),
(14001167, 0),
(14001168, 0),
(14001169, 0),
(14001171, 0),
(14001172, 0),
(14001173, 0),
(14001174, 0),
(14001175, 0),
(14001176, 0),
(14001177, 0),
(14001178, 0),
(14001179, 0),
(14001180, 0),
(14001181, 0),
(14001182, 0),
(14001183, 0),
(14001184, 2500),
(14001185, 0),
(14001186, 5000),
(14001187, 2500),
(14001188, 0),
(14001189, 0),
(14001190, 12500),
(14001191, 0),
(14001192, 0),
(14001193, 0),
(14001194, 0),
(14001195, 2500),
(14001196, 0),
(14001197, 0),
(14001198, 0),
(14001199, 0),
(14001200, 0),
(14001201, 0),
(14001202, 0),
(14001203, 0),
(14001204, 0),
(14001205, 0),
(14001206, 0),
(14001207, 0),
(14001208, 25000),
(14001209, 0),
(14001210, 0),
(14001211, 0),
(14001212, 0),
(14001213, 1500),
(14001214, 0),
(14001215, 0),
(14001216, 67500),
(14001217, 0),
(14001218, 0),
(14001219, 0),
(14001220, 0),
(14001221, 0),
(14001222, 0),
(14001223, 0),
(14001224, 0),
(14001225, 0),
(14001226, 500),
(14001227, 0),
(14001228, 0),
(14001229, 0),
(14001230, 2500),
(14001231, 0),
(14001232, 500),
(14001233, 0),
(14001234, 0),
(14001235, 0),
(14001236, 0),
(14001237, 0),
(14001238, 0),
(14001239, 0),
(14001240, 0),
(14001241, 0),
(14001242, 0),
(14001243, 0),
(14001244, 0),
(14001245, 0),
(14001246, 0),
(14001247, 0),
(14001248, 0),
(14001249, 0),
(14001250, 0),
(14001251, 0),
(14001252, 10000),
(14001253, 0),
(14001254, 0),
(14001255, 0),
(14001256, 2500),
(14001257, 40000),
(14001258, 0),
(14001259, 0),
(14001260, 0),
(14001261, 0),
(14001262, 2500),
(14001263, 0),
(14001264, 0),
(14001265, 0),
(14001266, 0),
(14001267, 0),
(14001268, 0),
(14001269, 0),
(14001270, 0),
(14001271, 0),
(14001272, 0),
(14001273, 2500),
(14001274, 210000),
(14001275, 0),
(14001276, 0),
(14001277, 0),
(14001278, 0),
(14001279, 0),
(14001280, 0),
(14001281, 0),
(14001282, 0),
(14001283, 397500),
(14001284, 2500),
(14001285, 0),
(14001286, 0),
(14001287, 0),
(14001288, 0),
(14001289, 0),
(14001290, 0),
(14001291, 0),
(14001292, 0),
(14001293, 0),
(14001294, 7500),
(14001295, 2500),
(14001296, 2500),
(14001297, 0),
(14001298, 0),
(14001299, 2500),
(14001300, 0),
(14001301, 0),
(14001302, 0),
(14001303, 0),
(14001304, 500000),
(14001305, 0),
(14001306, 0),
(14001307, 0),
(14001308, 0),
(14001309, 0),
(14001310, 0),
(14001311, 0),
(14001312, 0),
(14001313, 0),
(14001314, 0),
(14001315, 0),
(14001316, 0),
(14001317, 0),
(14001318, 0),
(14001319, 0),
(14001320, 0),
(14001321, 0),
(14001322, 0),
(14001323, 40000),
(14001324, 0),
(14001325, 0),
(14001326, 0),
(14001327, 0),
(14001328, 0),
(14001329, 15000),
(14001330, 0),
(14001331, 35000),
(14001332, 0),
(14001333, 5000),
(14001334, 0),
(14001335, 0),
(14001336, 0),
(14001337, 0),
(14001338, 0),
(14001339, 0),
(14001340, 0),
(14001341, 0),
(14001342, 0),
(14001343, 0),
(14001344, 0),
(14001345, 0),
(14001346, 0),
(14001347, 0),
(14001348, 2500),
(14001349, 0),
(14001350, 0),
(14001351, 0),
(14001352, 0),
(14001353, 0),
(14001354, 0),
(14001355, 0),
(14001356, 0),
(14001357, 0),
(14001358, 250000),
(14001359, 0),
(14001360, 0),
(14001361, 0),
(14001362, 0),
(14001363, 22500),
(14001364, 2500),
(14001365, 0),
(14001366, 2500),
(14001367, 2500),
(14001368, 17500),
(14001369, 0),
(14001370, 0),
(14001371, 5000),
(14001372, 0),
(14001373, 0),
(14001374, 0),
(14001375, 0),
(14001376, 0),
(14001377, 0),
(14001378, 0),
(14001379, 2500),
(14001380, 0),
(14001381, 0),
(14001382, 2500),
(14001383, 0),
(14001384, 7500),
(14001385, 5000),
(14001386, 0),
(14001387, 0),
(14001388, 2500),
(14001389, 0),
(14001390, 0),
(14001391, 0),
(14001392, 0),
(14001393, 0),
(14001394, 0),
(14001395, 0),
(14001396, 0),
(14001397, 0),
(14001398, 0),
(14001399, 0),
(14001400, 0),
(14001401, 0),
(14001402, 0),
(14001403, 0),
(14001404, 0),
(14001405, 0),
(14001406, 0),
(14001407, 0),
(14001408, 0),
(14001409, 2500),
(14001410, 0),
(14001411, 2500),
(14001412, 0),
(14001413, 0),
(14001414, 0),
(14001415, 0),
(14001416, 0),
(14001417, 0),
(14001418, 0),
(14001419, 0),
(14001420, 5000),
(14001421, 0),
(14001422, 17500),
(14001423, 0),
(14001424, 0),
(14001425, 0),
(14001426, 0),
(14001427, 0),
(14001428, 0),
(14001429, 0),
(14001430, 0),
(14001431, 0),
(14001432, 0),
(14001433, 0),
(14001434, 0),
(14001435, 0),
(14001436, 0),
(14001437, 0),
(14001438, 0),
(14001439, 0),
(14001440, 0),
(14001441, 0),
(14001442, 2500),
(14001443, 0),
(14001444, 2500),
(14001445, 2500),
(14001446, 0),
(14001447, 0),
(14001448, 0),
(14001449, 0),
(14001450, 0),
(14001451, 0),
(14001452, 0),
(14001453, 2500),
(14001454, 0),
(14001455, 0),
(14001456, 32500),
(14001457, 0),
(14001458, 65000),
(14001459, 0),
(14001460, 2500),
(14001461, 2500),
(14001462, 0),
(14001463, 0),
(14001464, 1000),
(14001465, 0),
(14001466, 0),
(14001467, 0),
(14001468, 0),
(14001469, 0),
(14001470, 0),
(14001471, 0),
(14001472, 0),
(14001473, 0),
(14001474, 20500),
(14001475, 0),
(14001476, 0),
(14001477, 0),
(14001478, 0),
(14001479, 0),
(14001480, 0),
(14001481, 0),
(14001482, 40000),
(14001483, 0),
(14001484, 2500),
(14001485, 0),
(14001486, 0),
(14001487, 0),
(14001488, 0),
(14001489, 0),
(14001490, 0),
(14001491, 0),
(14001492, 0),
(14001493, 0),
(14001494, 0),
(14001495, 0),
(14001496, 0),
(14001497, 0),
(14001498, 0),
(14001499, 0),
(14001500, 0),
(14001501, 0),
(14001502, 0),
(14001503, 0),
(14001504, 0),
(14001505, 0),
(14001506, 0),
(14001507, 0),
(14001508, 0),
(14001509, 0),
(14001510, 0),
(14001511, 0),
(14001512, 0),
(14001513, 0),
(14001514, 0),
(14001515, 2500),
(14001516, 17500),
(14001517, 0),
(14001518, 0),
(14001519, 0),
(14001520, 0),
(14001521, 0),
(14001522, 12500),
(14001523, 0),
(14001524, 0),
(14001525, 0),
(14001526, 0),
(14001527, 0),
(14001528, 0),
(14001529, 0),
(14001530, 0),
(14001531, 0),
(14001532, 0),
(14001533, 5000),
(14001534, 0),
(14001535, 0),
(14001536, 0),
(14001537, 0),
(14001538, 0),
(14001539, 2500),
(14001540, 0),
(14001541, 0),
(14001542, 0),
(14001543, 0),
(14001544, 0),
(14001545, 0),
(14001546, 0),
(14001547, 0),
(14001548, 0),
(14001549, 0),
(14001550, 12500),
(14001551, 0),
(14001552, 0),
(14001553, 0),
(14001554, 0),
(14001555, 0),
(14001556, 20000),
(14001557, 0),
(14001558, 0),
(14001559, 0),
(14001560, 0),
(14001561, 0),
(14001562, 0),
(14001563, 0),
(14001564, 2500),
(14001565, 0),
(14001566, 0),
(14001567, 0),
(14001568, 2500),
(14001569, 0),
(14001570, 22500),
(14001571, 0),
(14001572, 0),
(14001573, 0),
(14001574, 2500),
(14001575, 0),
(14001576, 0),
(14001577, 2500),
(14001578, 0),
(14001579, 0),
(14001580, 0),
(14001581, 20000),
(14001582, 0),
(14001583, 40000),
(14001584, 0),
(14001585, 0),
(14001586, 0),
(14001587, 27500),
(14001588, 0),
(14001589, 0),
(14001590, 2500),
(14001591, 0),
(14001592, 0),
(14001593, 0),
(14001594, 0),
(14001595, 0),
(14001596, 0),
(14001597, 0),
(14001598, 0),
(14001599, 0),
(14001600, 0),
(14001601, 0),
(14001602, 0),
(14001603, 0),
(14001604, 0),
(14001605, 0),
(14001606, 0),
(14001607, 0),
(14001608, 0),
(14001609, 0),
(14001610, 0),
(14001611, 2500),
(14001612, 0),
(14001613, 0),
(14001614, 0),
(14001615, 0),
(14001616, 140000),
(14001617, 0),
(14001618, 0),
(14001619, 0),
(14001620, 0),
(14001621, 0),
(14001622, 0),
(14001623, 0),
(14001624, 0),
(14001625, 2500),
(14001626, 0),
(14001627, 0),
(14001628, 0),
(14001629, 0),
(14001630, 12500),
(14001631, 0),
(14001632, 0),
(14001633, 0),
(14001634, 0),
(14001635, 0),
(14001636, 0),
(14001637, 0),
(14001638, 0),
(14001639, 0),
(14001640, 0),
(14001641, 0),
(14001642, 0),
(14001643, 0),
(14001644, 0),
(14001645, 0),
(14001646, 0),
(14001647, 2500),
(14001648, 0),
(14001649, 2500),
(14001650, 2500),
(14001651, 0),
(14001652, 0),
(14001653, 0),
(14001654, 0),
(14001655, 0),
(14001656, 0),
(14001657, 0),
(14001658, 0),
(14001659, 0),
(14001660, 0),
(14001661, 0),
(14001662, 0),
(14001663, 0),
(14001664, 0),
(14001665, 0),
(14001666, 0),
(14001667, 0),
(14001668, 0),
(14001669, 0),
(14001670, 2500),
(14001671, 0),
(14001672, 0),
(14001673, 0),
(14001674, 0),
(14001675, 0),
(14001676, 0),
(14001677, 0),
(14001678, 2500),
(14001679, 0),
(14001680, 0),
(14001681, 2500),
(14001682, 0),
(14001683, 0),
(14001684, 0),
(14001685, 0),
(14001686, 0),
(14001687, 0),
(14001688, 0),
(14001689, 0),
(14001690, 0),
(14001691, 0),
(14001692, 0),
(14001693, 0),
(14001694, 0),
(14001695, 0),
(14001696, 0),
(14001699, 0),
(14001700, 0),
(14001701, 0),
(14001702, 0),
(14001703, 0),
(14001704, 0),
(14001705, 0),
(14001706, 0),
(14001707, 0),
(14001708, 0),
(14001709, 0),
(14001710, 0),
(14001711, 0),
(14001712, 0),
(14001713, 0),
(14001714, 0),
(14001715, 0),
(14001716, 0),
(14001717, 0),
(14001718, 0),
(14001719, 0),
(14001720, 0),
(14001721, 0),
(14001722, 0),
(14001723, 0),
(14001724, 0),
(14001725, 0),
(14001726, 0),
(14001727, 0),
(14001728, 0),
(14001729, 0),
(14001730, 0),
(14001731, 0),
(14001732, 0),
(14001733, 0),
(14001734, 0),
(14001801, 0),
(14001802, 0),
(14001803, 0),
(14001804, 0),
(14001805, 0),
(14001806, 0),
(14001807, 0),
(14001808, 0),
(14001809, 0),
(14001810, 0),
(14001811, 0),
(14001812, 0),
(14001813, 0),
(14001814, 0),
(14001815, 0),
(14001816, 0),
(14001817, 0),
(14001818, 0),
(14001819, 0),
(14001820, 0),
(14001821, 0),
(14001822, 0),
(14001823, 0),
(14001824, 0),
(14001825, 0),
(14001826, 0),
(14001827, 0),
(14001828, 0),
(14001829, 0),
(14001830, 0),
(14001831, 0),
(14001832, 0),
(14001833, 0),
(14001834, 0),
(14001835, 0),
(14001836, 0),
(14001837, 0),
(14001838, 0),
(14001839, 0),
(14001840, 0),
(14001841, 0),
(14001842, 0),
(14001843, 0),
(14001844, 0),
(14001845, 0),
(14001846, 0),
(14001847, 0),
(14001848, 0),
(14001849, 0),
(14001850, 0),
(14001851, 0),
(14001852, 0),
(14001853, 0),
(14001854, 0),
(14001855, 2500),
(14001856, 0),
(14001857, 10000),
(14001858, 0),
(14001859, 0),
(14001860, 0),
(14001861, 0),
(14001862, 0),
(14001863, 0),
(14001864, 0),
(14001865, 0),
(14001866, 0),
(14001867, 0),
(14001868, 0),
(14001869, 0),
(14001870, 0),
(14001871, 0),
(14001872, 0),
(14001873, 210000),
(14001874, 0),
(14001875, 0),
(14001876, 0),
(14001877, 0),
(14001878, 0),
(14001879, 0),
(14001880, 0),
(14001881, 2500),
(14001882, 0),
(14001883, 0),
(14001884, 0),
(14001885, 0),
(14001886, 0),
(14001887, 0),
(14001888, 0),
(14001889, 7500),
(14001890, 0),
(14001891, 0),
(14001892, 0),
(14001893, 0),
(14001894, 0),
(14001895, 0),
(14001896, 0),
(14001897, 0),
(14001898, 0),
(14001899, 0),
(14001900, 0),
(14001901, 0),
(14001902, 0),
(14001903, 0),
(14001904, 0),
(14001905, 0),
(14001906, 0),
(14001907, 0),
(14001908, 0),
(14001909, 0),
(14001910, 0),
(14001911, 5000),
(14001912, 0),
(14001913, 0),
(14001914, 0),
(14001915, 0),
(14001916, 0),
(14001917, 0),
(14001918, 0),
(14001919, 0),
(14001920, 0),
(14001921, 0),
(14001922, 0),
(14001923, 0),
(14001924, 0),
(14001925, 7500),
(14001926, 5000),
(14001927, 0),
(14001928, 2500),
(14001929, 0),
(14001930, 0),
(14001931, 0),
(14001932, 0),
(14001933, 0),
(14001934, 0),
(14001935, 0),
(14001936, 0),
(14001937, 0),
(14001938, 0),
(14001939, 0),
(14001940, 0),
(14001941, 0),
(14001942, 5000),
(14001943, 0),
(14001944, 0),
(14001945, 0),
(14001946, 0),
(14001947, 0),
(14001948, 0),
(14001949, 0),
(14001950, 0),
(14001951, 0),
(14001952, 0),
(14001953, 0),
(14001954, 0),
(14001955, 0),
(14001956, 0),
(14001957, 2500),
(14001958, 0),
(14001959, 0),
(14001960, 0),
(14001961, 0),
(14001962, 0),
(14001963, 0),
(14001964, 0),
(14001965, 0),
(14001966, 17500),
(14001967, 2500),
(14001968, 0),
(14001969, 0),
(14001970, 0),
(14001971, 0),
(14001972, 0),
(14001973, 0),
(14001974, 0),
(14001975, 0),
(14001976, 0),
(14001977, 0),
(14001978, 0),
(14001979, 0),
(14001980, 0),
(14001981, 0),
(14001982, 0),
(14001983, 0),
(14001984, 0),
(14001985, 0),
(14001986, 0),
(14001987, 0),
(14001988, 2500),
(14001989, 0),
(14001990, 0),
(14001991, 0),
(14001992, 0),
(14001993, 0),
(14001994, 30000),
(14001995, 0),
(14001996, 0),
(14001997, 0),
(14001998, 0),
(14001999, 0),
(14002000, 0),
(14002001, 0),
(14002002, 0),
(14002003, 0),
(14002004, 0),
(14002005, 0),
(14002006, 0),
(14002007, 0),
(14002008, 0),
(14002009, 9500),
(14002010, 0),
(14002011, 0),
(14002012, 0),
(14002013, 0),
(14002014, 0),
(14002015, 0),
(14002016, 0),
(14002017, 0),
(14002018, 0),
(14002019, 0),
(14002021, 0),
(14002022, 0),
(14002023, 0),
(14002024, 0),
(14002025, 0),
(14002026, 2500),
(14002027, 0),
(14002028, 0),
(14002029, 0),
(14002030, 0),
(14002031, 0),
(14002032, 0),
(14002033, 0),
(14002034, 0),
(14002035, 0),
(14002036, 0),
(14002037, 0),
(14002038, 0),
(14002039, 0),
(14002040, 0),
(14002041, 0),
(14002042, 0),
(14002043, 0),
(14002044, 0),
(14002045, 0),
(14002046, 0),
(14002047, 0),
(14002048, 0),
(14002049, 16000),
(14002050, 0),
(14002051, 0),
(14002052, 0),
(14002053, 0),
(14002054, 0),
(14002055, 0),
(14002056, 0),
(14002057, 0),
(14002058, 0),
(14002059, 0),
(14002060, 0),
(14002061, 0),
(14002062, 0),
(14002063, 0),
(14002064, 0),
(14002065, 0),
(14002066, 0),
(14002067, 0),
(14002068, 0),
(14002069, 0),
(14002070, 2500),
(14002071, 0),
(14002072, 0),
(14002073, 0),
(14002074, 0),
(14002075, 7500),
(14002076, 0),
(14002077, 0),
(14002078, 0),
(14002079, 0),
(14002080, 2500),
(14002081, 0),
(14002082, 0),
(14002083, 0),
(14002084, 0),
(14002085, 0),
(14002086, 0),
(14002087, 0),
(14002088, 0),
(14002089, 0),
(14002090, 0),
(14002091, 7500),
(14002092, 0),
(14002093, 0),
(14002094, 0),
(14002095, 0),
(14002096, 280000),
(14002097, 37500),
(14002098, 0),
(14002099, 0),
(14002100, 0),
(14002101, 0),
(14002102, 0),
(14002103, 0),
(14002104, 0),
(14002105, 0),
(14002106, 0),
(14002107, 0),
(14002108, 5000),
(14002109, 0),
(14002110, 0),
(14002111, 0),
(14002112, 5000),
(14002113, 0),
(14002114, 0),
(14002115, 0),
(14002116, 0),
(14002117, 0),
(14002118, 0),
(14002119, 0),
(14002120, 0),
(14002121, 0),
(14002122, 0),
(14002123, 7500),
(14002124, 0),
(14002125, 0),
(14002126, 0),
(14002127, 0),
(14002128, 2500),
(14002129, 0),
(14002130, 0),
(14002131, 0),
(14002132, 0),
(14002133, 0),
(14002134, 0),
(14002135, 0),
(14002136, 0),
(14002137, 0),
(14002138, 0),
(14002139, 0),
(14002140, 0),
(14002141, 0),
(14002142, 0),
(14002143, 0),
(14002144, 12500),
(14002145, 0),
(14002146, 0),
(14002147, 0),
(14002148, 2500),
(14002149, 0),
(14002150, 0),
(14002151, 8000),
(14002152, 0),
(14002153, 0),
(14002154, 0),
(14002155, 0),
(14002156, 0),
(14002157, 0),
(14002158, 0),
(14002159, 0),
(14002160, 2500),
(14002161, 0),
(14002162, 0),
(14002163, 0),
(14002164, 0),
(14002165, 0),
(14002166, 5000),
(14002167, 0),
(14002168, 0),
(14002169, 0),
(14002170, 0),
(14002171, 0),
(14002172, 0),
(14002173, 0),
(14002174, 0),
(14002175, 0),
(14002176, 0),
(14002177, 0),
(14002178, 0),
(14002179, 0),
(14002180, 0),
(14002181, 0),
(14002182, 0),
(14002183, 0),
(14002184, 0),
(14002185, 0),
(14002186, 0),
(14002187, 0),
(14002188, 0),
(14002189, 0),
(14002190, 0),
(14002191, 0),
(14002192, 0),
(14002193, 0),
(14002194, 0),
(14002195, 0),
(14002196, 2500),
(14002197, 0),
(14002198, 0),
(14002199, 0),
(14002200, 0),
(14002201, 0),
(14002202, 0),
(14002203, 0),
(14002204, 0),
(14002205, 0),
(14002206, 0),
(14002207, 0),
(14002208, 0),
(14002209, 0),
(14002210, 0),
(14002211, 0),
(14002212, 0),
(14002213, 0),
(14002214, 0),
(14002215, 0),
(14002216, 0),
(14002217, 0),
(14002218, 0),
(14002219, 2500),
(14002220, 0),
(14002221, 0),
(14002222, 3000),
(14002223, 2500),
(14002224, 0),
(14002225, 5000),
(14002226, 0),
(14002227, 0),
(14002228, 2500),
(14002229, 0),
(14002230, 0),
(14002231, 0),
(14002232, 0),
(14002233, 0),
(14002234, 2500),
(14002235, 0),
(14002236, 0),
(14002237, 0),
(14002238, 0),
(14002239, 0),
(14002240, 0),
(14002241, 0),
(14002242, 0),
(14002243, 0),
(14002244, 0),
(14002245, 0),
(14002246, 0),
(14002247, 2500),
(14002248, 0),
(14002249, 0),
(14002250, 0),
(14002251, 0),
(14002252, 0),
(14002253, 0),
(14002254, 0),
(14002255, 0),
(14002256, 0),
(14002257, 0),
(14002258, 0),
(14002259, 0),
(14002260, 0),
(14002261, 0),
(14002262, 0),
(14002263, 5000),
(14002264, 0),
(14002265, 0),
(14002266, 0),
(14002267, 0),
(14002268, 0),
(14002269, 0),
(14002270, 0),
(14002271, 0),
(14002272, 0),
(14002273, 0),
(14002274, 0),
(14002275, 0),
(14002276, 0),
(14002277, 0),
(14002278, 0),
(14002279, 2500),
(14002280, 0),
(14002281, 0),
(14002282, 0),
(14002283, 0),
(14002284, 2500),
(14002285, 0),
(14002286, 2500),
(14002287, 0),
(14002288, 0),
(14002289, 70000),
(14002290, 0),
(14002291, 0),
(14002292, 0),
(14002293, 0),
(14002294, 0),
(14002295, 0),
(14002296, 0),
(14002297, 0),
(14002298, 2500),
(14002299, 0),
(14002300, 0),
(14002301, 0),
(14002302, 0),
(14002303, 0),
(14002304, 0),
(14002305, 2500),
(14002306, 0),
(14002307, 0),
(14002308, 0),
(14002309, 0),
(14002310, 0),
(14002311, 0),
(14002312, 0),
(14002313, 0),
(14002314, 0),
(14002315, 0),
(14002316, 0),
(14002317, 0),
(14002318, 0),
(14002319, 0),
(14002320, 0),
(14002321, 0),
(14002322, 0),
(14002323, 0),
(14002324, 0),
(14002325, 0),
(14002326, 0),
(14002327, 0),
(14002328, 0),
(14002329, 0),
(14002330, 0),
(14002331, 0),
(14002332, 2500),
(14002333, 0),
(14002334, 0),
(14002335, 0),
(14002336, 0),
(14002337, 0),
(14002338, 0),
(14002339, 0),
(14002340, 0),
(14002341, 0),
(14002342, 0),
(14002343, 0),
(14002344, 0),
(14002345, 0),
(14002346, 2500),
(14002347, 0),
(14002348, 0),
(14002349, 0),
(14002350, 0),
(14002351, 0),
(14002352, 0),
(14002353, 0),
(14002354, 0),
(14002355, 0),
(14002356, 0),
(14002357, 0),
(14002358, 0),
(14002359, 0),
(14002360, 0),
(14002361, 0),
(14002362, 2500),
(14002363, 5000),
(14002364, 0),
(14002365, 0),
(14002366, 0),
(14002367, 0),
(14002368, 7500),
(14002369, 0),
(14002370, 0),
(14002371, 0),
(14002372, 0),
(14002373, 2500),
(14002374, 0),
(14002375, 0),
(14002376, 0),
(14002377, 0),
(14002378, 0),
(14002379, 0),
(14002380, 0),
(14002381, 0),
(14002382, 0),
(14002383, 2500),
(14002384, 0),
(14002385, 5000),
(14002386, 0),
(14002387, 0),
(14002388, 2500),
(14002389, 0),
(14002390, 0),
(14002391, 5000),
(14002392, 0),
(14002393, 0),
(14002394, 0),
(14002395, 0),
(14002396, 0),
(14002397, 25000),
(14002398, 0),
(14002399, 0),
(14002400, 0),
(14002401, 0),
(14002402, 0),
(14002403, 0),
(14002404, 0),
(14002405, 0),
(14002406, 0),
(14002407, 0),
(14002408, 0),
(14002409, 0),
(14002410, 0),
(14002411, 0),
(14002412, 0),
(14002413, 0),
(14002414, 0),
(14002415, 40000),
(14002416, 0),
(14002417, 0),
(14002418, 0),
(14002419, 0),
(14002420, 0),
(14002421, 0),
(14002422, 2500),
(14002423, 0),
(14002424, 2500),
(14002425, 0),
(14002426, 0),
(14002427, 0),
(14002428, 5000),
(14002429, 0),
(14002430, 0),
(14002431, 0),
(14002432, 0),
(14002433, 0),
(14002434, 0),
(14002435, 40000),
(14002436, 0),
(14002437, 0),
(14002438, 0),
(14002439, 0),
(14002440, 0),
(14002441, 0),
(14002442, 0),
(14002443, 0),
(14002444, 0),
(14002445, 0),
(14002446, 0),
(14002447, 0),
(14002448, 0),
(14002449, 0),
(14002450, 240000),
(14002451, 0),
(14002452, 0),
(14002453, 27500),
(14002454, 0),
(14002455, 0),
(14002456, 0),
(14002457, 0),
(14002458, 0),
(14002459, 0),
(14002460, 0),
(14002461, 0),
(14002462, 0),
(14002463, 0),
(14002464, 0),
(14002465, 0),
(14002467, 0),
(14002468, 0),
(14002469, 0),
(14002470, 0),
(14002471, 0),
(14002472, 0),
(14002473, 0),
(14002474, 0),
(14002475, 0),
(14002476, 0),
(14002477, 0),
(14002478, 0),
(14002479, 0),
(14002480, 0),
(14002481, 0),
(14002482, 0),
(14002483, 0),
(14002484, 0),
(14002485, 0),
(14002486, 10000),
(14002487, 5000),
(14002488, 0),
(14002489, 0),
(14002490, 0),
(14002491, 7500),
(14002492, 0),
(14002493, 0),
(14002494, 0),
(14002495, 0),
(14002496, 12500),
(14002497, 3000),
(14002498, 45000),
(14002499, 0),
(14002500, 0),
(14002501, 0),
(14002502, 0),
(14002503, 0),
(14002504, 0),
(14002505, 0),
(14002506, 0),
(14002507, 0),
(14002508, 0),
(14002509, 0),
(14002510, 0),
(14002511, 0),
(14002512, 0),
(14002513, 0),
(14002514, 0),
(14002515, 0),
(14002516, 0),
(14002517, 0),
(14002518, 0),
(14002519, 0),
(14002520, 0),
(14002521, 0),
(14002522, 0),
(14002523, 0),
(14002524, 0),
(14002525, 0),
(14002526, 0),
(14002527, 0),
(14002528, 15000),
(14002529, 0),
(14002530, 0),
(14002531, 0),
(14002532, 370000),
(14002533, 0),
(14002534, 0),
(14002535, 0),
(14002536, 0),
(14002537, 0),
(14002538, 0),
(14002539, 0),
(14002540, 0),
(14002541, 0),
(14002542, 0),
(14002543, 0),
(14002544, 0),
(14002545, 0),
(14002546, 0),
(14002547, 0),
(14002548, 0),
(14002549, 0),
(14002550, 0),
(14002551, 0),
(14002552, 0),
(14002553, 0),
(14002554, 0),
(14002555, 0),
(14002556, 0),
(14002557, 0),
(14002558, 0),
(14002559, 0),
(14002560, 0),
(14002561, 0),
(14002562, 0),
(14002563, 10000),
(14002564, 0),
(14002565, 0),
(14002566, 0),
(14002567, 0),
(14002568, 0),
(14002569, 0),
(14002570, 0),
(14002571, 50000),
(14002572, 5000),
(14002573, 0),
(14002574, 35000),
(14002575, 0),
(14002576, 0),
(14002577, 15000),
(14002578, 20000),
(14002579, 0),
(14002580, 5000),
(14002581, 0),
(14002582, 0),
(14002583, 0),
(14002584, 0),
(14002585, 0),
(14002586, 0),
(14002587, 0),
(14002588, 30000),
(14002589, 0),
(14002590, 7500),
(14002591, 0),
(14002592, 0),
(14002593, 0),
(14002594, 2500),
(14002595, 0),
(14002596, 20000),
(14002597, 30000),
(14002598, 0),
(14002599, 0),
(14002600, 10000),
(14002601, 0),
(14002602, 0),
(14002603, 0),
(14002604, 0),
(14002605, 10000),
(14002606, 0),
(14002607, 0),
(14002608, 0),
(14002609, 0),
(14002610, 0),
(14002611, 0),
(14002612, 0),
(14002613, 0),
(14002614, 0),
(14002615, 0),
(14002616, 0),
(14002617, 0),
(14002618, 0),
(14002619, 0),
(14002620, 0),
(14002621, 0),
(14002622, 0),
(14002623, 0),
(14002624, 0),
(14002625, 0),
(14002626, 0),
(14002627, 0),
(14002628, 0),
(14002629, 0),
(14002630, 0),
(14002631, 0),
(14002632, -6500),
(14002633, 0),
(14002634, 0),
(14002635, 0),
(14002636, 0),
(14002637, 0),
(14002638, 0),
(14002639, 0),
(14002640, 0),
(14002641, 0),
(14002642, 0),
(14002643, 0),
(14002644, 0),
(14002645, 52500),
(14002646, 0),
(14002647, 0),
(14002648, 0),
(14002649, 42500),
(14002650, 0),
(14002651, 0),
(14002652, 0),
(14002653, 0),
(14002654, 2500),
(14002655, 2500),
(14002656, 0),
(14002657, 0),
(14002658, 0),
(14002659, 0),
(14002660, 0),
(14002661, 5000),
(14002662, 0),
(14002663, 0),
(14002664, 0),
(14002665, 0),
(14002666, 10000),
(14002667, 0),
(14002668, 0),
(14002669, 0),
(14002670, 0),
(14002671, 0),
(14002672, 0),
(14002673, 0),
(14002674, 0),
(14002675, 0),
(14002676, 0),
(14002677, 5000),
(14002678, 0),
(14002679, 0),
(14002680, 35000),
(14002681, 0),
(14002682, 0),
(14002683, 5000),
(14002684, 0),
(14002685, 0),
(14002686, 0),
(14002687, 2500),
(14002688, 0),
(14002689, 0),
(14002690, 0),
(14002691, 0),
(14002692, 0),
(14002693, 0),
(14002694, 0),
(14002695, 2500),
(14002696, 80000),
(14002697, 0),
(14002698, 2500),
(14002699, 0),
(14002700, 17500),
(14002707, 0),
(14002708, 0),
(14002709, 20000),
(14002710, 37500),
(14002712, 0),
(14002713, 2500),
(14002714, 0),
(14002715, 2500),
(14002718, 22500),
(14002720, 0),
(14002721, 172500),
(14002722, 0),
(14002723, 0),
(14002724, 0),
(14002725, 0),
(14002726, 0),
(14002727, 0),
(14002728, 0),
(14002730, 0),
(14002815, 2500),
(14002838, 0),
(14002839, 0),
(14002840, 20000),
(14002841, 0),
(14002842, 0),
(14002843, 0),
(14002851, 0),
(14002852, 0),
(14002853, 0),
(14002854, 5000),
(14002855, 5000),
(14002856, 0),
(14002989, 2500),
(14002990, 20000),
(14002991, 0),
(14002992, 2500),
(14002993, 0),
(14002994, 0),
(14003001, 25000),
(14003002, 0),
(14003003, 0),
(14003004, 0),
(14003005, 12500),
(14003006, 5000),
(14003007, 0),
(14003008, 0),
(14003009, 0),
(14003010, 0),
(14003011, 0),
(14003012, 0),
(14003014, 0),
(14003015, 250000),
(14003016, 0),
(14003017, 22500),
(14003018, 0),
(14003019, 0),
(14003020, 2500),
(14003021, 0),
(14003022, 0),
(14003023, 0),
(14003024, 0),
(14003025, 0),
(14003026, 0),
(14003027, 0),
(14003028, 0),
(14003029, 0),
(14003030, 0),
(14003031, 0),
(14003032, 0),
(14003033, 0),
(14003034, 0),
(14003035, 2500),
(14003036, 0),
(14003037, 0),
(14003038, 0),
(14003039, 0),
(14003040, 0),
(14003041, 2500),
(14003042, 5000),
(14003043, 0),
(14003044, 0),
(14003045, 0),
(14003046, 0),
(14003047, 0),
(14003048, 0),
(14003049, 0),
(14003050, 0),
(14003051, 0),
(14003052, 0),
(14003053, 2500),
(14003054, 0),
(14003055, 0),
(14003056, 0),
(14003057, 0),
(14003058, 0),
(14003059, 0),
(14003060, 0),
(14003061, 0),
(14003062, 0),
(14003063, 0),
(14003064, 0),
(14003065, 0),
(14003066, 0),
(14003067, 0),
(14003068, 0),
(14003069, 0),
(14003070, 25000),
(14003071, 0),
(14003072, 0),
(14003073, 230000),
(14003074, 45000),
(14003075, 0),
(14003076, 10000),
(14003077, 32500),
(14003078, 55000),
(14003079, 0),
(14003080, 0),
(14003081, 0),
(14003082, 0),
(14003083, 40000),
(14003084, 0),
(14003085, 0),
(14003086, 10000),
(14003087, 0),
(14003088, 0),
(14003089, 0),
(14003090, 10000),
(14003091, 0),
(14003092, 0),
(14003093, 5000),
(14003094, 0),
(14003095, 0),
(14003096, 5000),
(14003097, 0),
(14003098, 0),
(14003099, 25000),
(14003100, 5000),
(14003101, 0),
(14003102, 0),
(14003103, 37500),
(14003104, 0),
(14003105, 0),
(14003106, 0),
(14003107, 10000),
(14003108, 0),
(14003109, 0),
(14003110, 0),
(14003111, 0),
(14003112, 0),
(14003113, 0),
(14003114, 0),
(14003115, 0),
(14003116, 0),
(14003117, 0),
(14003118, 0),
(14003119, 0),
(14003120, 2500),
(14003121, 0),
(14003122, 0),
(14003123, 0),
(14003124, 10000),
(14003125, 0),
(14003126, 27500),
(14003127, 0),
(14003128, 0),
(14003129, 0),
(14003130, 0),
(14003131, 0),
(14003132, 0),
(14003133, 0),
(14003134, 12500),
(14003135, 0),
(14003136, 10000),
(14003137, 0),
(14003138, 7500),
(14003139, 0),
(14003140, 0),
(14003141, 0),
(14003142, 0),
(14003143, 0),
(14003144, 0),
(14003145, 0),
(14003146, 5000),
(14003147, 0),
(14003148, 10000),
(14003149, 0),
(14003150, 0),
(14003151, 0),
(14003152, 0),
(14003153, 0),
(14003154, 2500),
(14003155, 30000),
(14003156, 20000),
(14003157, 0),
(14003158, 0),
(14003159, 0),
(14003160, 5000),
(14003161, 0),
(14003162, 0),
(14003163, 7500),
(14003164, 25000),
(14003165, 0),
(14003166, 7500),
(14003167, 0),
(14003168, 15000),
(14003169, 20000),
(14003170, 20000),
(14003171, 0),
(14003172, 0),
(14003173, 0),
(14003174, 15000),
(14003175, 0),
(14003176, 0),
(14003177, 0),
(14003178, 0),
(14003179, 75000),
(14003180, 0),
(14003181, 0),
(14003182, 0),
(14003183, 0),
(14003184, 30000),
(14003185, 0),
(14003186, 0),
(14003187, 0),
(14003188, 0),
(14003189, 0),
(14003190, 2500),
(14003191, 0),
(14003192, 210000),
(14003193, 0),
(14003194, 72500),
(14003195, 0),
(14003196, 0),
(14003197, 3500),
(14003198, 2500),
(14003199, 0),
(14003200, 0),
(14003201, 0),
(14003202, 0),
(14003203, 0),
(14003204, 285000),
(14003205, 0),
(14003206, 0),
(14003207, 2500),
(14003208, 0),
(14003209, 0),
(14003210, 2500),
(14003211, 0),
(14003212, 0),
(14003213, 0),
(14003214, 0),
(14003215, 0),
(14003216, 7500),
(14003217, 0),
(14003218, 0),
(14003219, 0),
(14003220, 0),
(14003221, 0),
(14003222, 0),
(14003223, 0),
(14003224, 0),
(14003225, 0),
(14003226, 0),
(14003227, 0),
(14003228, 0),
(14003229, 0),
(14003230, 0),
(14003231, 0),
(14003232, 52500),
(14003233, 0),
(14003234, 0),
(14003235, 20000),
(14003236, 0),
(14003237, 12500),
(14003238, 20000),
(14003239, 65000),
(14003240, 0),
(14003241, 0),
(14003242, 0),
(14003243, 0),
(14003244, 30000),
(14003245, 0),
(14003246, 0),
(14003247, 0),
(14003248, 0),
(14003249, 0),
(14003250, 0),
(14003251, 0),
(14003252, 0),
(14003253, 0),
(14003254, 15000),
(14003255, 0),
(14003256, 0),
(14003257, 0),
(14003258, 0),
(14003259, 2500),
(14003260, 0),
(14003261, 0),
(14003262, 0),
(14003263, 0),
(14003264, 0),
(14003265, 0),
(14003266, 0),
(14003267, 62500),
(14003268, 10000),
(14003269, 0),
(14003270, 5000),
(14003271, 0),
(14003272, 2500),
(14003273, 85000),
(14003274, 0),
(14003275, 0),
(14003276, 0),
(14003277, 0),
(14003278, 0),
(14003279, 37500),
(14003280, 0),
(14003281, 0),
(14003282, 10500),
(14003283, 0),
(14003284, 0),
(14003285, 0),
(14003286, 0),
(14003287, 0),
(14003288, 0),
(14003289, 0),
(14003290, 0),
(14003291, 0),
(14003292, 5000),
(14003293, 0),
(14003294, 0),
(14003295, 25000),
(14003296, 2500),
(14003297, 0),
(14003298, 0),
(14003299, 0),
(14003300, 0),
(14003301, 0),
(14003302, 0),
(14003303, 2500),
(14003304, 0),
(14003305, 0),
(14003306, 0),
(14003307, 0),
(14003308, 0),
(14003309, 0),
(14003310, 0),
(14003311, 0),
(14003312, 0),
(14003313, 0),
(14003314, 0),
(14003315, 0),
(14003316, 0),
(14003317, 0),
(14003318, 0),
(14003319, 0),
(14003320, 17500),
(14003321, 0),
(14003322, 0),
(14003323, 0),
(14003324, 25500),
(14003325, 0),
(14003326, 0),
(14003327, 7500),
(14003328, 0),
(14003329, 0),
(14003330, 0),
(14003331, 0),
(14003332, 0),
(14003333, 0),
(14003334, 0),
(14003335, 0),
(14003336, 0),
(14003337, 0),
(14003338, 0),
(14003339, 0),
(14003340, 0),
(14003341, 0),
(14003342, 0),
(14003343, 0),
(14003344, 0),
(14003345, 0),
(14003346, 0),
(14003347, 0),
(14003348, 0),
(14003349, 0),
(14003350, 0),
(14003351, 0),
(14003352, 0),
(14003353, 175000),
(14003354, 0),
(14003355, 0),
(14003356, 15000),
(14003357, 0),
(14003358, 0),
(14003359, 0),
(14003360, 0),
(14003361, 75000),
(14003362, 0),
(14003363, 0),
(14003364, 0),
(14003365, 0),
(14003366, 0),
(14003367, 0),
(14003368, 0),
(14003369, 0),
(14003370, 0),
(14003371, 0),
(14003372, 0),
(14003373, 0),
(14003374, 0),
(14003375, 52500),
(14003376, 0),
(14003377, 0),
(14003378, 0),
(14003379, 0),
(14003380, 0),
(14003381, 0),
(14003382, 0),
(14003383, 15000),
(14003384, 0),
(14003385, 0),
(14003386, 0),
(14003387, 0),
(14003388, 0),
(14003389, 0),
(14003390, 0),
(14003391, 0),
(14003392, 0),
(14003393, 0),
(14003394, 0),
(14003395, 0),
(14003396, 0),
(14003397, 0),
(14003398, 0),
(14003399, 0),
(14003400, 0),
(14003401, 0),
(14003402, 0),
(14003403, 0),
(14003404, 0),
(14003405, 12500),
(14003406, 0),
(14003407, 25000),
(14003408, 0),
(14003409, 0),
(14003410, 0),
(14003411, 0),
(14003412, 2500),
(14003413, 0),
(14003414, 2500),
(14003415, 0),
(14003416, 0),
(14003417, 0),
(14003418, 0),
(14003419, 0),
(14003420, 0),
(14003421, 0),
(14003422, 0),
(14003423, 2500),
(14003424, 0),
(14003425, 0),
(14003426, 0),
(14003427, 2500),
(14003428, 70000),
(14003429, 0),
(14003430, 0),
(14003431, 0),
(14003432, 0),
(14003433, 17500),
(14003434, 0),
(14003435, 0),
(14003436, 0),
(14003437, 20000),
(14003438, 0),
(14003439, 0),
(14003440, 0),
(14003441, 0),
(14003442, 0),
(14003443, 95000),
(14003444, 2500),
(14003445, 0),
(14003446, 0),
(14003447, 0),
(14003448, 2500),
(14003449, 40000),
(14003450, 20000),
(14003451, 20000),
(14003452, 0),
(14003453, 0),
(14003454, 0),
(14003455, 0),
(14003456, 0),
(14003457, 10000),
(14003458, 22500),
(14003459, 0),
(14003460, 4000),
(14003461, 5000),
(14003462, 210000),
(14003463, 0),
(14003464, 0),
(14003465, 0),
(14003466, 5000),
(14003467, 0),
(14003468, 1000),
(14003469, 0),
(14003470, 0),
(14003471, 0),
(14003472, 0),
(14003473, 2500),
(14003474, 0),
(14003475, 0),
(14003476, 0),
(14003477, 15000),
(14003478, 0),
(14003479, 0),
(14003480, 0),
(14003481, 0),
(14003482, 0),
(14003483, 200000),
(14003484, 0),
(14003485, 0),
(14003486, 0),
(14003487, 0),
(14003488, 0),
(14003489, 5000),
(14003490, 2500),
(14003491, 0),
(14003492, 12500),
(14003493, 0),
(14003494, 0),
(14003495, 0),
(14003496, 0),
(14003497, 0),
(14003498, 0),
(14003499, 0),
(14003500, 0),
(14003501, 0),
(14003502, 0),
(14003503, 0),
(14003504, 0),
(14003505, 0),
(14003506, 10000),
(14003507, 0),
(14003508, 0),
(14003509, 0),
(14003510, 0),
(14003511, 0),
(14003512, 0),
(14003513, 0),
(14003514, 0),
(14003515, 0),
(14003516, 0),
(14003517, 2500),
(14003518, 0),
(14003519, 0),
(14003520, 0),
(14003521, 0),
(14003522, 0),
(14003523, 0),
(14003524, 0),
(14003526, 0),
(14003527, 0),
(14003528, 0),
(14003529, 0),
(14003530, 0),
(14003531, 0),
(14003532, 0),
(14003533, 0),
(14003534, 0),
(14003535, 0),
(14003536, 0),
(14003537, 0),
(14003538, 0),
(14003539, 0),
(14003540, 0),
(14003541, 0),
(14003542, 0),
(14003543, 0),
(14003544, 0),
(14003545, 0),
(14003546, 0),
(14003547, 0),
(14003548, 0),
(14003549, 0),
(14003550, 0),
(14003551, 0),
(14003552, 0),
(14003553, 0),
(14003554, 0),
(14003555, 0),
(14003556, 0),
(14003557, 0),
(14003558, 0),
(14003559, 0),
(14003560, 0),
(14003561, 0),
(14003563, 0),
(14003564, 0),
(14003565, 0),
(14003566, 0),
(14003567, 0),
(14003568, 0),
(14003569, 0),
(14003570, 0),
(14003571, 0),
(14003572, 27500),
(14003573, 17500),
(14003574, 0),
(14003576, 0),
(14003577, 2500),
(14003578, 0),
(14003579, 0),
(14003580, 0),
(14003581, 0),
(14003582, 0),
(14003583, 0),
(14003584, 0),
(14003585, 0),
(14003586, 0),
(14003587, 0),
(14003588, 0),
(14003589, 0),
(14003590, 0),
(14003591, 0),
(14003592, 0),
(14003593, 0),
(14003594, 0),
(14003595, 0),
(14003596, 0),
(14003597, 0),
(14003598, 0),
(14003599, 0),
(14003600, 0),
(14003700, 0),
(14003771, 0),
(14003800, 0),
(14003801, 0),
(14003802, 0),
(14003803, 0),
(14003804, 0),
(14003806, 0),
(14003807, 0),
(14003914, 0),
(14003915, 0),
(14003916, 0),
(14003921, 0),
(14003923, 215000),
(14003928, 0),
(14003929, 0),
(14003939, 2500),
(14003940, 0),
(14003941, 0),
(14003942, 2500),
(14003960, 0),
(14004001, 0),
(14004002, 0),
(14004011, 0),
(14004123, 0),
(14004124, 0),
(14004125, 5000),
(14004126, 0),
(14004127, 0),
(14004128, 0),
(14004132, 0),
(14004134, 0),
(14004135, 0),
(14004136, 0),
(14004137, 20000),
(14004138, 0),
(14004139, 0),
(14004140, 0),
(14004141, 72500),
(14004142, 20000),
(14004143, 42500),
(14004144, 2500),
(14004145, 0),
(14004146, 0),
(14004147, 2500),
(14004148, 0),
(14004149, 0),
(14004150, 0),
(14004151, 0),
(14004152, 2500),
(14004157, 0),
(14004158, 0),
(14004159, 0),
(14004160, 0),
(14004161, 0),
(14004162, 0),
(14004163, 0),
(14004164, 0),
(14004165, 7500),
(14004166, 0),
(14004167, 0),
(14004168, 0),
(14004169, 10000),
(14004170, 0),
(14004171, 0),
(14004173, 0),
(14004174, 2500),
(14004175, 0),
(14004176, 0),
(14004177, 25000),
(14004178, 0),
(14004179, 0),
(14004180, 15000),
(14004181, 0),
(14004183, 0),
(14004185, 0),
(14004186, 0),
(14004187, 0),
(14004189, 0),
(14004190, 0),
(14004191, 0),
(14004192, 0),
(14004193, 0),
(14004194, 0),
(14004195, 0),
(14004196, 0),
(14004197, 0),
(14004198, 0),
(14004199, 0),
(14004200, 0),
(14004202, 0),
(14004204, 0),
(14004206, 2500),
(14004207, 0),
(14004209, 0),
(14004210, 0),
(14004211, 0),
(14004212, 0),
(14004213, 0),
(14004214, 0),
(14004215, 2500),
(14004216, 0),
(14004217, 0),
(14004219, 2500),
(14004220, 2500),
(14004221, 0),
(14004222, 0),
(14004223, 0),
(14004224, 0),
(14004225, 0),
(14004226, 0),
(14004227, 0),
(14004229, 0),
(14004230, 0),
(14004231, 0),
(14004232, 0),
(14004236, 0),
(14004237, 0),
(14004238, 0),
(14004239, 0),
(14004240, 0),
(14004243, 0),
(14004247, 0),
(14004249, 0),
(14004250, 40000),
(14004251, 0),
(14004252, 0),
(14004253, 40000),
(14004254, 0),
(14004255, 72500),
(14004256, 0),
(14004257, 0),
(14004258, 0),
(14004259, 0),
(14004260, 0),
(14004261, 0),
(14004262, 0),
(14004263, 0),
(14004264, 0),
(14004265, 0),
(14004266, 2500),
(14004286, 657500),
(14004297, 25000),
(14004298, 0),
(14004309, 0),
(14004312, 202500),
(14004315, 0);
INSERT INTO `gelang` (`id_gelang`, `saldo`) VALUES
(14004327, 10000),
(14004328, 0),
(14004329, 0),
(14004330, 10000),
(14004331, 2500),
(14004332, 2500),
(14004333, 0),
(14004334, 0),
(14004337, 0),
(14004359, 0),
(14004368, 15000),
(14004372, 0),
(14004422, 0),
(14004501, 0),
(14004502, 2500),
(14004503, 2500),
(14004513, 0),
(14004514, 0),
(14004515, 0),
(14004516, 0),
(14004517, 0),
(14004518, 0),
(14004525, 5000),
(14004526, 0),
(14004527, 2500),
(14004528, 0),
(14004529, 0),
(14004530, 20000),
(14004531, 0),
(14004532, 50000),
(14004533, 0),
(14004534, 0),
(14004535, 0),
(14004536, 0),
(14004537, 0),
(14004538, 12500),
(14004539, 0),
(14004540, 0),
(14004541, 0),
(14004542, 0),
(14004543, 0),
(14004544, 25000),
(14004546, 0),
(14004547, 20000),
(14004548, 0),
(14004549, 0),
(14004550, 1500),
(14004551, 35000),
(14004552, 0),
(14004553, 0),
(14004554, 0),
(14004555, 1),
(14004556, 0),
(14004557, 0),
(14004558, 0),
(14004559, 25000),
(14004560, 0),
(14004561, 0),
(14004562, 20000),
(14004563, 0),
(14004564, 0),
(14004565, 2500),
(14004566, 0),
(14004567, 0),
(14004568, 0),
(14004569, 0),
(14004570, 0),
(14004571, 0),
(14004572, 500),
(14004573, 22500),
(14004574, 0),
(14004575, 40000),
(14004576, 0),
(14004577, 2500),
(14004578, 2500),
(14004579, 0),
(14004580, 0),
(14004581, 0),
(14004582, 0),
(14004584, 0),
(14004586, 0),
(14004587, 19500),
(14004589, 25000),
(14004590, 210000),
(14004591, 5000),
(14004592, 0),
(14004593, 0),
(14004594, 0),
(14004595, 0),
(14004597, 0),
(14004598, 0),
(14004599, 0),
(14004600, 0),
(14004601, 0),
(14004602, 210000),
(14004609, 2500),
(14004610, 0),
(14004611, 0),
(14004612, 0),
(14004613, 0),
(14004614, 0),
(14004615, 25000),
(14004617, 0),
(14004619, 0),
(14004620, 0),
(14004621, 5000),
(14004622, 20000),
(14004627, 7000),
(14004628, 0),
(14004629, 0),
(14004630, 0),
(14004631, 0),
(14004632, 0),
(14004633, 10000),
(14004634, 0),
(14004635, 7500),
(14004636, 0),
(14004637, 5000),
(14004638, 0),
(14004645, 0),
(14004646, 37500),
(14004647, 0),
(14004648, 0),
(14004649, 0),
(14004650, 0),
(14004651, 0),
(14004652, 72500),
(14004653, 25000),
(14004654, 0),
(14004655, 0),
(14004656, 0),
(14004657, 20000),
(14004658, 0),
(14004659, 0),
(14004660, 0),
(14004661, 0),
(14004662, 0),
(14004663, 20000),
(14004669, 0),
(14004670, 0),
(14004671, 0),
(14004672, 0),
(14004673, 0),
(14004675, 0),
(14004676, 10000),
(14004678, 0),
(14004679, 40000),
(14004680, 5000),
(14004687, 0),
(14004688, 0),
(14004689, 0),
(14004690, 0),
(14004691, 0),
(14004692, 210000),
(14004693, 20000),
(14004694, 0),
(14004695, 0),
(14004696, 0),
(14004697, 0),
(14004698, 2500),
(14004699, 0),
(14004700, 0),
(14004701, 0),
(14004702, 0),
(14004703, 0),
(14004704, 0),
(14004705, 0),
(14004706, 0),
(14004707, 0),
(14004708, 0),
(14004709, 0),
(14004710, 0),
(14004711, 0),
(14004713, 0),
(14004714, 0),
(14004715, 0),
(14004717, 0),
(14004718, 0),
(14004719, 0),
(14004720, 47500),
(14004721, 0),
(14004722, 17500),
(14004723, 0),
(14004724, 0),
(14004725, 0),
(14004726, 0),
(14004727, 0),
(14004728, 5000),
(14004729, 0),
(14004730, 0),
(14004731, 0),
(14004733, 0),
(14004734, 0),
(14004735, 0),
(14004736, 0),
(14004737, 70000),
(14004738, 5000),
(14004739, 0),
(14004740, 0),
(14004741, 0),
(14004742, 0),
(14004743, 0),
(14004744, 0),
(14004745, 0),
(14004746, 0),
(14004747, 5000),
(14004749, 0),
(14004750, 20000),
(14004751, 0),
(14004752, 0),
(14004753, 0),
(14004755, 12500),
(14004756, 0),
(14004757, 0),
(14004758, 0),
(14004760, 20000),
(14004761, 0),
(14004765, 0),
(14004766, 0),
(14004767, 20000),
(14004768, 0),
(14004769, 0),
(14004775, 10000),
(14004776, 0),
(14004777, 25000),
(14004783, 20000),
(14004785, 0),
(14004786, 0),
(14004787, 0),
(14004788, 0),
(14004792, 0),
(14004795, 0),
(14004796, 35000),
(14004797, 7500),
(14004798, 0),
(14004799, 0),
(14004800, 0),
(14008009, 20000),
(14008010, 0),
(14008011, 220000),
(14008012, 0),
(14008021, 0),
(14008028, 0),
(14008029, 0),
(14008030, 0),
(14008031, 0),
(14008032, 0),
(14008033, 0),
(14008034, 0),
(14008035, 0),
(14008036, 230000),
(14008037, 0),
(14008038, 2500),
(14008039, 25000),
(14008040, 0),
(14008041, 0),
(14008042, 7500),
(14008043, 0),
(14008044, 0),
(14008045, 0),
(14008046, 0),
(14008047, 2500),
(14008048, 0),
(14008049, 7500),
(14008050, 2500),
(14008051, 0),
(14008052, 20000),
(14008053, 0),
(14008060, 0),
(14008061, 0),
(14008062, 0),
(14008063, 177500),
(14008070, 0),
(14008071, 0),
(14008072, 0),
(14008074, 35000),
(14008075, 0),
(14008076, 0),
(14008077, 0),
(14008078, 0),
(14008079, 10000),
(14008080, 0),
(14008081, 500),
(14008082, 0),
(14008083, 0),
(14008084, 0),
(14008085, 0),
(14008086, 0),
(14008087, 0),
(14008088, 0),
(14008089, 0),
(14008090, 0),
(14008091, 0),
(14008092, 0),
(14008093, 0),
(14008094, 20000),
(14008095, 0),
(14008096, 0),
(14008097, 0),
(14008098, 0),
(14008099, 0),
(14008100, 0),
(14008101, 0),
(14008102, 0),
(14008103, 0),
(14008104, 0),
(14008105, 0),
(14008106, 47500),
(14008113, 0),
(14008114, 0),
(14008115, 0),
(14008116, 0),
(14008118, 0),
(14008120, 0),
(14008121, 0),
(14008122, 0),
(14008123, 0),
(14008124, 0),
(14008125, 0),
(14008129, 0),
(14008130, 0),
(14008131, 0),
(14008132, 0),
(14008138, 0),
(14008139, 0),
(14008140, 0),
(14008141, 0),
(14008142, 0),
(14008143, 0),
(14008144, 0),
(14008145, 0),
(14008146, 0),
(14008147, 0),
(14008148, 65000),
(14008149, 0),
(14008150, 0),
(14008151, 0),
(14008152, 0),
(14008153, 0),
(14008154, 0),
(14008155, 0),
(14008156, 0),
(14008157, 0),
(14008158, 0),
(14008159, 0),
(14008160, 0),
(14008161, 0),
(14008165, 0),
(14008166, 0),
(14008167, 0),
(14008168, 0),
(14008182, 0),
(14008183, 0),
(14008184, 15000),
(14008185, 0),
(14008186, 0),
(14008187, 0),
(14008192, 0),
(14008211, 0),
(14008212, 0),
(14008213, 0),
(14008214, 0),
(14008215, 0),
(14008216, 0),
(14008217, 0),
(14008218, 2500),
(14008219, 0),
(14008220, 0),
(14008221, 0),
(14008222, 0),
(14008223, 0),
(14008224, 0),
(14008225, 0),
(14008226, 0),
(14008227, 0),
(14008228, 0),
(14008229, 0),
(14008230, 2500),
(14008231, 0),
(14008232, 0),
(14008233, 0),
(14008234, 0),
(14008235, 0),
(14008236, 0),
(14008237, 0),
(14008238, 0),
(14008239, 0),
(14008240, 0),
(14008241, 0),
(14008242, 0),
(14008243, 0),
(14008244, 0),
(14008245, 0),
(14008246, 0),
(14008247, 0),
(14008248, 0),
(14008249, 0),
(14008250, 0),
(14008251, 22500),
(14008252, 0),
(14008259, 0),
(14008260, 0),
(14008261, 20000),
(14008262, 0),
(14008263, 0),
(14008264, 0),
(14008265, 0),
(14008266, 2500),
(14008267, 0),
(14008268, 0),
(14008269, 0),
(14008271, 52500),
(14008272, 0),
(14008273, 0),
(14008274, 0),
(14008275, 20000),
(14008276, 0),
(14008283, 5000),
(14008284, 0),
(14008285, 0),
(14008286, 0),
(14008287, 155000),
(14008288, 2500),
(14008289, 0),
(14008296, 0),
(14008297, 0),
(14008298, 0),
(14008299, 0),
(14008300, 0),
(14008301, 0),
(14008302, 10000),
(14008303, 0),
(14008304, 0),
(14008305, 0),
(14008306, 0),
(14008307, 0),
(14008308, 10000),
(14008309, 0),
(14008310, 0),
(14008311, 0),
(14008312, 0),
(14008313, 0),
(14008314, 0),
(14008315, 0),
(14008316, 0),
(14008317, 0),
(14008318, 0),
(14008319, 0),
(14008320, 0),
(14008321, 0),
(14008322, 0),
(14008323, 5000),
(14008324, 0),
(14008325, 0),
(14008326, 0),
(14008327, 12500),
(14008328, 0),
(14008329, 0),
(14008330, 0),
(14008331, 0),
(14008332, 0),
(14008333, 1000),
(14008334, 75000),
(14008335, 0),
(14008336, 0),
(14008337, 0),
(14008338, 195000),
(14008339, 0),
(14008340, 0),
(14008341, 0),
(14008342, 0),
(14008343, 0),
(14008344, 15000),
(14008345, 0),
(14008346, 0),
(14008347, 44000),
(14008348, 0),
(14008349, 0),
(14008350, 0),
(14008351, 0),
(14008352, 0),
(14008353, 210000),
(14008354, 210000),
(14008355, 0),
(14008356, 0),
(14008357, 0),
(14008358, 0),
(14008359, 0),
(14008360, 0),
(14008361, 0),
(14008362, 2500),
(14008363, 0),
(14008364, 0),
(14008365, 0),
(14008366, 0),
(14008367, 0),
(14008373, 0),
(14008374, 0),
(14008375, 0),
(14008376, 0),
(14008377, 15000),
(14008378, 0),
(14008379, 0),
(14008380, 0),
(14008381, 0),
(14008382, 85000),
(14008383, 0),
(14008384, 5000),
(14008385, 0),
(14008386, 0),
(14008387, 0),
(14008388, 0),
(14008389, 0),
(14008390, 0),
(14008391, 20000),
(14008392, 0),
(14008393, 0),
(14008394, 20000),
(14008395, 0),
(14008396, 0),
(14008397, 0),
(14008398, 0),
(14008399, 0),
(14008400, 0),
(14008401, 0),
(14008402, 0),
(14008403, 0),
(14008404, 0),
(14008405, 0),
(14008406, 0),
(14008407, 0),
(14008408, 0),
(14008409, 0),
(14008410, 0),
(14008411, 0),
(14008412, 0),
(14008413, 0),
(14008414, 0),
(14008415, 0),
(14008416, 0),
(14008417, 0),
(14008418, 0),
(14008419, 7500),
(14008420, 0),
(14008421, 5000),
(14008423, 0),
(14008424, 0),
(14008425, 0),
(14008426, 0),
(14008427, 0),
(14008428, 0),
(14008429, 0),
(14008430, 2500),
(14008431, 0),
(14008432, 0),
(14008433, 0),
(14008434, 0),
(14008435, 0),
(14008436, 10000),
(14008437, 10000),
(14008438, 0),
(14008439, 0),
(14008440, 0),
(14008441, 0),
(14008442, 0),
(14008443, 0),
(14008444, 0),
(14008445, 0),
(14008447, 0),
(14008448, 210000),
(14008449, 2500),
(14008450, 2500),
(14008451, 92500),
(14008459, 187500),
(14008462, 0),
(14008464, 20000),
(14008472, 0),
(14008473, 0),
(14008474, 20000),
(14008475, 0),
(14008476, 22500),
(14008477, 170000),
(14008478, 0),
(14008479, 70000),
(14008480, 27500),
(14008481, 0),
(14008482, 0),
(14008483, 0),
(14008484, 0),
(14008485, 0),
(14008486, 0),
(14008487, 0),
(14008488, 0),
(14008489, 0),
(14008490, 0),
(14008491, 0),
(14008492, 0),
(14008493, 0),
(14008502, 0),
(14008503, 0),
(14008504, 0),
(14008505, 40000),
(14008511, 0),
(14008518, 0),
(14008519, 0),
(14008520, 0),
(14008521, 0),
(14008522, 0),
(14008523, 0),
(14008524, 0),
(14008525, 70000),
(14008526, 10000),
(14008527, 0),
(14008528, 0),
(14008529, 0),
(14008530, 0),
(14008554, 0),
(14008555, 2500),
(14008556, 0),
(14008557, 0),
(14008558, 10000),
(14008559, 0),
(14008563, 0),
(14008564, 0),
(14008565, 0),
(14008572, 12500),
(14008573, 0),
(14008574, 0),
(14008577, 0),
(14008578, 0),
(14008579, 20000),
(14008580, 0),
(14008581, 20000),
(14008582, 20000),
(14008583, 0),
(14008584, 500000),
(14008585, 0),
(14008586, 20000),
(14008587, 2500),
(14008588, 0),
(14008589, 250000),
(14008590, 0),
(14008591, 0),
(14008592, 0),
(14008593, 0),
(14008594, 5000),
(14008595, 0),
(14008596, 20000),
(14008597, 0),
(14008598, 200000),
(14008599, 230000),
(14008600, 210000),
(14008601, 0),
(14008602, 210000),
(14008603, 0),
(14008604, 0),
(14008605, 0),
(14008607, 0),
(14008608, 0),
(14008609, 0),
(14008610, 0),
(14008611, 210000),
(14008612, 0),
(14008613, 0),
(14008618, 0),
(14008619, 70000),
(14008620, 0),
(14008630, 0),
(14008631, 0),
(14008632, 0),
(14008633, 0),
(14008634, 0),
(14008635, 5000),
(14008637, 0),
(14008638, 0),
(14008639, 0),
(14008640, 210000),
(14008641, 0),
(14008642, 210000),
(14008643, 0),
(14008644, 20000),
(14008645, 32500),
(14008646, 0),
(14008647, 210000),
(14008653, 45000),
(14008658, 0),
(14008660, 0),
(14008666, 70000),
(14008667, 0),
(14008668, 0),
(14008669, 0),
(14008670, 0),
(14008671, 0),
(14008672, 210000),
(14008673, 15000),
(14008674, 0),
(14008675, 210000),
(14008676, 12500),
(14008677, 0),
(14008678, 0),
(14008679, 0),
(14008680, 0),
(14008681, 0),
(14008682, 0),
(14008683, 0),
(14008684, 0),
(14008685, 0),
(14008686, 0),
(14008687, 0),
(14008688, 0),
(14008689, 0),
(14008690, 2500),
(14008691, 40000),
(14008692, 0),
(14008693, 0),
(14008694, 0),
(14008695, 5000),
(14008696, 0),
(14008697, 0),
(14008698, 0),
(14008701, 12500),
(14008702, 0),
(14008703, 0),
(14008704, 0),
(14008705, 0),
(14008706, 210000),
(14008707, 0),
(14008708, 50000),
(14008709, 0),
(14008710, 0),
(14008711, 0),
(14008712, 195000),
(14008713, 45000),
(14008715, 0),
(14008716, 0),
(14008717, 0),
(14008718, 0),
(14008719, 0),
(14008720, 0),
(14008721, 75000),
(14008722, 0),
(14008723, 0),
(14008724, 0),
(14008725, 230000),
(14008726, 55000),
(14008728, 0),
(14008729, 0),
(14008730, 0),
(14008731, 10000),
(14008732, 200000),
(14008733, 0),
(14008734, 20000),
(14008735, 0),
(14008736, 0),
(14008738, 210000),
(14008744, 202500),
(14008745, 0),
(14008746, 7500),
(14008747, 35000),
(14008748, 20000),
(14008749, 0),
(14008752, 210000),
(14008753, 0),
(14008755, 0),
(14008760, 205000),
(14008761, 210000),
(14008770, 0),
(14008771, 0),
(14008772, 0),
(14008773, 40000),
(14008774, 0),
(14008775, 0),
(14008776, 0),
(14008777, 0),
(14008778, 0),
(14008779, 0),
(14008780, 0),
(14008781, 210000),
(14008782, 0),
(14008783, 0),
(14008784, 20000),
(14008785, 0),
(14008787, 12500),
(14008789, 0),
(14008792, 12500),
(14008793, 0),
(14008794, 0),
(14008795, 0),
(14008796, 0),
(14008797, 0),
(14008798, 0),
(14008811, 210000),
(14008812, 400000),
(14008813, 210000),
(14008814, 5000),
(14008815, 0),
(14008816, 0),
(14008817, 20000),
(14008818, 0),
(14008819, 10000),
(14008820, 0),
(14008821, 0),
(14008822, 0),
(14008823, 0),
(14008824, 0),
(14008825, 0),
(14008826, 2500),
(14008827, 0),
(14008828, 0),
(14008829, 0),
(14008830, 15000),
(14008833, 0),
(14008846, 0),
(14008849, 0),
(14008850, 5000),
(14008851, 0),
(14008852, 0),
(14008853, 0),
(14008854, 0),
(14008855, 0),
(14008856, 5000),
(14008857, 0),
(14008865, 0),
(14008870, 0),
(14008871, 0),
(14008872, 5000),
(14008873, 0),
(14008874, 0),
(14008875, 0),
(14008876, 0),
(14008877, 0),
(14008878, 0),
(14008879, 35000),
(14008880, 0),
(14008881, 40000),
(14008882, 0),
(14008883, 0),
(14008884, 0),
(14008885, 0),
(14008886, 4000),
(14008887, 0),
(14008892, 25000),
(140030103, 25000),
(140035602, 0),
(140045803, 0);

-- --------------------------------------------------------

--
-- Table structure for table `gelang_customer`
--

CREATE TABLE IF NOT EXISTS `gelang_customer` (
  `id` int(11) NOT NULL AUTO_INCREMENT,
  `id_gelang` int(20) NOT NULL,
  `jenis` varchar(20) NOT NULL,
  `total` int(11) NOT NULL,
  `waktu` timestamp NOT NULL DEFAULT CURRENT_TIMESTAMP,
  `nama_kasir` varchar(20) NOT NULL,
  `id_periode` int(11) NOT NULL,
  PRIMARY KEY (`id`)
) ENGINE=InnoDB  DEFAULT CHARSET=latin1 AUTO_INCREMENT=163 ;

--
-- Dumping data for table `gelang_customer`
--

INSERT INTO `gelang_customer` (`id`, `id_gelang`, `jenis`, `total`, `waktu`, `nama_kasir`, `id_periode`) VALUES
(1, 14001304, 'Top Up', 500000, '2017-08-01 04:41:26', 'AGUS', 78),
(2, 14008813, 'Registrasi', 210000, '2017-08-01 04:46:37', 'AGUS', 78),
(3, 14004591, 'Top Up', 20000, '2017-08-01 05:17:45', 'AGUS', 78),
(4, 14000993, 'Top Up', 50000, '2017-08-01 05:18:15', 'AGUS', 78),
(5, 14008814, 'Registrasi', 50000, '2017-08-01 05:19:27', 'AGUS', 78),
(6, 14008689, 'Registrasi', 210000, '2017-08-01 05:20:32', 'AGUS', 78),
(7, 14001645, 'Top Up', 200000, '2017-08-01 05:21:17', 'AGUS', 78),
(8, 14008814, 'Top Up', 10000, '2017-08-01 05:21:29', 'AGUS', 78),
(9, 14008640, 'Registrasi', 210000, '2017-08-01 05:25:10', 'AGUS', 78),
(10, 14008641, 'Registrasi', 210000, '2017-08-01 05:39:45', 'AGUS', 78),
(11, 14000211, 'Top Up', 210000, '2017-08-01 05:40:28', 'AGUS', 78),
(12, 14008630, 'Registrasi', 210000, '2017-08-01 05:43:29', 'AGUS', 78),
(13, 14001019, 'Top Up', 50000, '2017-08-01 06:07:32', 'AGUS', 78),
(14, 14008696, 'Registrasi', 210000, '2017-08-01 06:10:32', 'AGUS', 78),
(15, 14008643, 'Registrasi', 210000, '2017-08-01 06:21:41', 'AGUS', 78),
(16, 14008644, 'Registrasi', 230000, '2017-08-01 06:25:16', 'AGUS', 78),
(17, 14008689, 'Top Up', 15000, '2017-08-01 06:28:19', 'AGUS', 78),
(18, 14001645, 'Top Up', 45000, '2017-08-01 06:31:48', 'AGUS', 78),
(19, 14003304, 'Top Up', 210000, '2017-08-01 06:42:16', 'AGUS', 78),
(20, 1100175, 'Top Up', 10000, '2017-08-01 06:54:23', 'AGUS', 78),
(21, 14008696, 'Top Up', 22500, '2017-08-01 07:13:20', 'AGUS', 78),
(22, 14008697, 'Registrasi', 210000, '2017-08-01 07:14:18', 'AGUS', 78),
(23, 14008327, 'Top Up', 50000, '2017-08-01 07:27:44', 'AGUS', 78),
(24, 14008846, 'Top Up', 15000, '2017-08-01 07:32:04', 'AGUS', 78),
(25, 14008698, 'Registrasi', 210000, '2017-08-01 07:36:02', 'AGUS', 78),
(26, 14008324, 'Top Up', 210000, '2017-08-01 07:43:16', 'AGUS', 78),
(27, 14000840, 'Top Up', 210000, '2017-08-01 07:43:44', 'AGUS', 78),
(28, 14002720, 'Top Up', 210000, '2017-08-01 07:44:18', 'AGUS', 78),
(29, 14000211, 'Top Up', 210000, '2017-08-01 07:44:41', 'AGUS', 78),
(30, 14002723, 'Top Up', 210000, '2017-08-01 07:45:52', 'AGUS', 78),
(31, 14003017, 'Top Up', 250000, '2017-08-01 07:51:03', 'AGUS', 78),
(32, 14008618, 'Registrasi', 210000, '2017-08-01 07:53:59', 'AGUS', 78),
(33, 14008846, 'Top Up', 15000, '2017-08-01 08:05:21', 'AGUS', 78),
(34, 14008619, 'Registrasi', 400000, '2017-08-01 08:12:31', 'AGUS', 78),
(35, 14008427, 'Top Up', 210000, '2017-08-01 08:13:24', 'AGUS', 78),
(36, 14008426, 'Top Up', 210000, '2017-08-01 08:13:30', 'AGUS', 78),
(37, 14008620, 'Registrasi', 210000, '2017-08-01 08:14:04', 'AGUS', 78),
(38, 14008711, 'Registrasi', 210000, '2017-08-01 08:14:15', 'AGUS', 78),
(39, 1100160, 'Top Up', 80000, '2017-08-01 08:17:16', 'AGUS', 78),
(40, 14000569, 'Top Up', 210000, '2017-08-01 08:18:01', 'AGUS', 78),
(41, 14008846, 'Top Up', 15000, '2017-08-01 08:21:09', 'AGUS', 78),
(42, 14008716, 'Top Up', 210000, '2017-08-01 08:25:02', 'AGUS', 78),
(43, 14008846, 'Top Up', 185000, '2017-08-01 08:28:20', 'AGUS', 78),
(44, 14008451, 'Top Up', 100000, '2017-08-01 08:28:43', 'AGUS', 78),
(45, 14008124, 'Top Up', 300000, '2017-08-01 08:31:28', 'AGUS', 78),
(46, 14008124, 'Top Up', 200000, '2017-08-01 08:32:01', 'AGUS', 78),
(47, 14008712, 'Registrasi', 210000, '2017-08-01 08:37:59', 'AGUS', 78),
(48, 1100251, 'Top Up', 50000, '2017-08-01 08:43:32', 'AGUS', 78),
(49, 14001133, 'Top Up', 500000, '2017-08-01 08:46:08', 'AGUS', 78),
(50, 14008713, 'Registrasi', 80000, '2017-08-01 08:47:00', 'AGUS', 78),
(51, 14008702, 'Registrasi', 210000, '2017-08-01 08:50:12', 'AGUS', 78),
(52, 14008703, 'Registrasi', 210000, '2017-08-01 08:50:44', 'AGUS', 78),
(53, 14008704, 'Registrasi', 210000, '2017-08-01 08:51:08', 'AGUS', 78),
(54, 1100249, 'Top Up', 30000, '2017-08-01 08:51:38', 'AGUS', 78),
(55, 14008705, 'Registrasi', 210000, '2017-08-01 08:56:44', 'AGUS', 78),
(56, 14008706, 'Registrasi', 210000, '2017-08-01 08:58:01', 'AGUS', 78),
(57, 14008707, 'Registrasi', 210000, '2017-08-01 09:00:34', 'AGUS', 78),
(58, 14001358, 'Top Up', 250000, '2017-08-01 09:01:25', 'AGUS', 78),
(59, 14008678, 'Registrasi', 210000, '2017-08-01 09:04:57', 'AGUS', 78),
(60, 14008602, 'Registrasi', 210000, '2017-08-01 09:10:36', 'AGUS', 78),
(61, 14008600, 'Registrasi', 210000, '2017-08-01 09:10:43', 'AGUS', 78),
(62, 14008611, 'Registrasi', 210000, '2017-08-01 09:10:49', 'AGUS', 78),
(63, 14008324, 'Top Up', 50000, '2017-08-01 09:13:23', 'AGUS', 78),
(64, 14008881, 'Registrasi', 250000, '2017-08-01 09:23:39', 'AGUS', 78),
(65, 14008736, 'Registrasi', 210000, '2017-08-01 09:24:23', 'AGUS', 78),
(66, 14008880, 'Registrasi', 210000, '2017-08-01 09:24:29', 'AGUS', 78),
(67, 1100217, 'Top Up', 25000, '2017-08-01 09:31:36', 'AGUS', 78),
(68, 1100217, 'Top Up', 40000, '2017-08-01 09:33:25', 'AGUS', 78),
(69, 1100182, 'Top Up', 50000, '2017-08-01 09:39:44', 'AGUS', 78),
(70, 14008735, 'Registrasi', 210000, '2017-08-01 09:40:51', 'AGUS', 78),
(71, 14000569, 'Top Up', 112500, '2017-08-01 09:49:52', 'AGUS', 78),
(72, 14001188, 'Top Up', 10000, '2017-08-01 09:51:36', 'AGUS', 78),
(73, 14008733, 'Registrasi', 210000, '2017-08-01 09:53:40', 'AGUS', 78),
(74, 14008504, 'Top Up', 300000, '2017-08-01 09:54:37', 'AGUS', 78),
(75, 14008705, 'Top Up', 15000, '2017-08-01 10:06:07', 'AGUS', 78),
(76, 14008732, 'Registrasi', 200000, '2017-08-01 10:09:36', 'AGUS', 78),
(77, 14008678, 'Top Up', 7500, '2017-08-01 10:10:09', 'AGUS', 78),
(78, 14001002, 'Top Up', 50000, '2017-08-01 10:23:01', 'AGUS', 78),
(79, 14008744, 'Registrasi', 210000, '2017-08-01 10:27:04', 'AGUS', 78),
(80, 1100261, 'Top Up', 25000, '2017-08-01 10:30:04', 'AGUS', 78),
(81, 14008711, 'Top Up', 205000, '2017-08-01 10:33:33', 'AGUS', 78),
(82, 1100160, 'Top Up', 50000, '2017-08-01 10:46:34', 'AGUS', 78),
(83, 1100277, 'Top Up', 50000, '2017-08-01 10:46:57', 'AGUS', 78),
(84, 14008734, 'Registrasi', 210000, '2017-08-01 10:50:34', 'AGUS', 78),
(85, 14008734, 'Top Up', 20000, '2017-08-01 10:51:18', 'AGUS', 78),
(86, 14000056, 'Top Up', 6500, '2017-08-01 10:54:43', 'AGUS', 78),
(87, 14000056, 'Top Up', 1000, '2017-08-01 10:54:49', 'AGUS', 78),
(88, 14001188, 'Top Up', 6500, '2017-08-01 10:55:02', 'AGUS', 78),
(89, 1100220, 'Top Up', 70000, '2017-08-01 11:03:27', 'AGUS', 78),
(90, 14000056, 'Top Up', 50000, '2017-08-01 11:07:01', 'AGUS', 78),
(91, 1100181, 'Top Up', 25000, '2017-08-01 11:10:34', 'AGUS', 78),
(92, 1100235, 'Top Up', 35000, '2017-08-01 11:10:54', 'AGUS', 78),
(93, 14003212, 'Top Up', 210000, '2017-08-01 11:14:59', 'AGUS', 78),
(94, 14008645, 'Top Up', 32500, '2017-08-01 11:28:00', 'AGUS', 78),
(95, 14008480, 'Top Up', 100000, '2017-08-01 11:28:16', 'AGUS', 78),
(96, 14008745, 'Registrasi', 210000, '2017-08-01 11:29:01', 'AGUS', 78),
(97, 14000767, 'Top Up', 297500, '2017-08-01 11:29:54', 'AGUS', 78),
(98, 14008735, 'Top Up', 135000, '2017-08-01 11:32:43', 'AGUS', 78),
(99, 1100215, 'Top Up', 30000, '2017-08-01 11:33:17', 'AGUS', 78),
(100, 1100251, 'Top Up', 20000, '2017-08-01 11:38:56', 'AGUS', 78),
(101, 14000722, 'Top Up', 15000, '2017-08-01 11:39:23', 'AGUS', 78),
(102, 14000847, 'Top Up', 210000, '2017-08-01 11:40:21', 'AGUS', 78),
(103, 14008720, 'Registrasi', 210000, '2017-08-01 11:41:48', 'AGUS', 78),
(104, 14008595, 'Registrasi', 210000, '2017-08-01 11:41:55', 'AGUS', 78),
(105, 1100212, 'Top Up', 30000, '2017-08-01 11:47:02', 'AGUS', 78),
(106, 14003923, 'Top Up', 220000, '2017-08-01 11:48:08', 'AGUS', 78),
(107, 1100212, 'Top Up', 30000, '2017-08-01 11:50:18', 'AGUS', 78),
(108, 14008504, 'Top Up', 120000, '2017-08-01 11:56:24', 'AGUS', 78),
(109, 14000806, 'Top Up', 50000, '2017-08-01 11:56:58', 'AGUS', 78),
(110, 14008124, 'Top Up', 255000, '2017-08-01 11:57:43', 'AGUS', 78),
(111, 1100205, 'Top Up', 50000, '2017-08-01 11:58:40', 'AGUS', 78),
(112, 14001342, 'Top Up', 315000, '2017-08-01 12:06:29', 'AGUS', 78),
(113, 14008596, 'Registrasi', 230000, '2017-08-01 12:07:55', 'AGUS', 78),
(114, 14001583, 'Top Up', 250000, '2017-08-01 12:08:24', 'AGUS', 78),
(115, 14002532, 'Top Up', 20000, '2017-08-01 12:16:09', 'AGUS', 78),
(116, 1100178, 'Top Up', 50000, '2017-08-01 12:19:38', 'AGUS', 78),
(117, 14001019, 'Top Up', 30000, '2017-08-01 12:20:45', 'AGUS', 78),
(118, 14008885, 'Top Up', 20000, '2017-08-01 12:30:45', 'AGUS', 78),
(119, 14002122, 'Top Up', 100000, '2017-08-01 12:39:25', 'AGUS', 78),
(120, 1100277, 'Top Up', 70000, '2017-08-01 12:43:43', 'AGUS', 78),
(121, 14008597, 'Registrasi', 210000, '2017-08-01 13:01:21', 'AGUS', 78),
(122, 14008722, 'Registrasi', 210000, '2017-08-01 13:01:52', 'AGUS', 78),
(123, 14008722, 'Top Up', 20000, '2017-08-01 13:02:18', 'AGUS', 78),
(124, 14008723, 'Registrasi', 230000, '2017-08-01 13:02:33', 'AGUS', 78),
(125, 14001331, 'Top Up', 50000, '2017-08-01 13:02:46', 'AGUS', 78),
(126, 14004286, 'Top Up', 700000, '2017-08-01 13:13:18', 'AGUS', 78),
(127, 14008724, 'Registrasi', 210000, '2017-08-01 13:15:15', 'AGUS', 78),
(128, 1100268, 'Top Up', 40000, '2017-08-01 13:17:09', 'AGUS', 78),
(129, 14002532, 'Top Up', 5000, '2017-08-01 13:27:09', 'AGUS', 78),
(130, 14000006, 'Top Up', 250000, '2017-08-01 13:29:27', 'AGUS', 78),
(131, 14008725, 'Registrasi', 210000, '2017-08-01 13:29:47', 'AGUS', 78),
(132, 14008721, 'Registrasi', 210000, '2017-08-01 13:29:55', 'AGUS', 78),
(133, 14008721, 'Top Up', 20000, '2017-08-01 13:30:06', 'AGUS', 78),
(134, 14008725, 'Top Up', 20000, '2017-08-01 13:30:12', 'AGUS', 78),
(135, 1100217, 'Top Up', 40000, '2017-08-01 13:33:30', 'AGUS', 78),
(136, 14002532, 'Top Up', 4000, '2017-08-01 13:38:42', 'AGUS', 78),
(137, 14008708, 'Registrasi', 50000, '2017-08-01 13:42:34', 'AGUS', 78),
(138, 14002532, 'Top Up', 500000, '2017-08-01 13:43:00', 'AGUS', 78),
(139, 1100121, 'Top Up', 20000, '2017-08-01 13:58:04', 'AGUS', 78),
(140, 10010089, 'Top Up', 50000, '2017-08-01 14:00:16', 'AGUS', 78),
(141, 14000324, 'Top Up', 100000, '2017-08-01 14:05:59', 'AGUS', 78),
(142, 14008597, 'Top Up', 15000, '2017-08-01 14:06:25', 'AGUS', 78),
(143, 14001804, 'Top Up', 210000, '2017-08-01 14:09:00', 'AGUS', 78),
(144, 14008709, 'Registrasi', 210000, '2017-08-01 14:13:50', 'AGUS', 78),
(145, 1100251, 'Top Up', 1000, '2017-08-01 14:14:18', 'AGUS', 78),
(146, 14001283, 'Top Up', 250000, '2017-08-01 14:19:02', 'AGUS', 78),
(147, 14001283, 'Top Up', 200000, '2017-08-01 14:20:50', 'AGUS', 78),
(148, 14003483, 'Top Up', 200000, '2017-08-01 14:27:06', 'AGUS', 78),
(149, 14003353, 'Top Up', 200000, '2017-08-01 14:27:13', 'AGUS', 78),
(150, 14008710, 'Registrasi', 210000, '2017-08-01 14:28:53', 'AGUS', 78),
(151, 14002122, 'Top Up', 350000, '2017-08-01 14:30:02', 'AGUS', 78),
(152, 14001019, 'Top Up', 50000, '2017-08-01 14:30:40', 'AGUS', 78),
(153, 14008653, 'Registrasi', 230000, '2017-08-01 14:31:32', 'AGUS', 78),
(154, 14008642, 'Registrasi', 210000, '2017-08-01 14:34:58', 'AGUS', 78),
(155, 14008599, 'Registrasi', 230000, '2017-08-01 14:39:10', 'AGUS', 78),
(156, 14008598, 'Registrasi', 230000, '2017-08-01 14:48:04', 'AGUS', 78),
(157, 14008760, 'Registrasi', 230000, '2017-08-01 14:49:10', 'AGUS', 78),
(158, 14008887, 'Top Up', 185000, '2017-08-01 14:57:47', 'AGUS', 78),
(159, 1100121, 'Top Up', 10000, '2017-08-01 14:58:49', 'AGUS', 78),
(160, 14008761, 'Registrasi', 210000, '2017-08-01 15:02:35', 'AGUS', 78),
(161, 14001873, 'Top Up', 210000, '2017-08-01 15:04:11', 'AGUS', 78),
(162, 14008738, 'Registrasi', 210000, '2017-08-01 15:07:55', 'AGUS', 78);

-- --------------------------------------------------------

--
-- Stand-in structure for view `histori_pelanggan`
--
CREATE TABLE IF NOT EXISTS `histori_pelanggan` (
`tanggal` timestamp
,`gelang` int(20)
,`jenis` varchar(41)
,`Total` int(11)
,`id_periode` int(11)
);
-- --------------------------------------------------------

--
-- Table structure for table `item`
--

CREATE TABLE IF NOT EXISTS `item` (
  `id_item` int(50) NOT NULL AUTO_INCREMENT,
  `nama` varchar(30) NOT NULL,
  `price` int(11) DEFAULT NULL,
  `stock` int(11) NOT NULL,
  `jenis` varchar(32) NOT NULL,
  PRIMARY KEY (`id_item`)
) ENGINE=InnoDB  DEFAULT CHARSET=latin1 AUTO_INCREMENT=1020 ;

--
-- Dumping data for table `item`
--

INSERT INTO `item` (`id_item`, `nama`, `price`, `stock`, `jenis`) VALUES
(1, 'Nasi Putih', 4000, 8, 'Makanan'),
(4, 'Sop Ceker', 20000, 10, 'Makanan'),
(13, 'G2 FIRE FLAME', 60000, 0, 'Minuman'),
(18, 'Kentang Goreng', 15000, 2, 'Makanan'),
(19, 'JENGGALA', 25000, 8, 'Minuman'),
(20, 'Otak-Otak', 20000, 0, 'Makanan'),
(21, 'Nugget', 20000, 0, 'Makanan'),
(22, 'Sosis', 20000, 6, 'Makanan'),
(23, 'sop ayam nasi', 15000, 9, 'Makanan'),
(27, 'Telor', 5000, 8, 'Makanan'),
(28, 'smirnoff ice', 30000, 0, 'Minuman'),
(31, 'Soto Ayam', 25000, 4, 'Makanan'),
(37, 'ICE TEA', 15000, 15, 'Minuman'),
(38, 'ICE FLAVOUR', 20000, 6, 'Minuman'),
(39, 'CHOCOLATE', 20000, 0, 'Minuman'),
(40, 'LATE CAPPUCINO', 25000, 17, 'Minuman'),
(41, 'JUICE', 20000, 18, 'Minuman'),
(42, 'BINTANG KALENG', 35000, 218, 'Minuman'),
(43, 'GUINES KALENG', 40000, 0, 'Minuman'),
(44, 'HEINEKEN KALENG', 35000, 126, 'Minuman'),
(45, 'SERAGAM', 160000, 32, ''),
(50, 'CATOK', 20000, 86, 'Makanan'),
(51, 'NASI GORENG AYAM', 30000, 0, 'Makanan'),
(67, 'OB', 3000, 390, 'Ob'),
(68, 'capcay+nasi', 20000, 23, 'Makanan'),
(76, 'sambuca glass', 50000, 0, 'Minuman'),
(81, 'NATURAL HERB TEA', 75000, 0, 'Minuman'),
(97, 'KACANG', 15000, 0, 'Makanan'),
(102, 'REDLER KALENG', 35000, 67, 'Minuman'),
(103, 'Heineken botol kecil', 35000, 0, 'Minuman'),
(106, 'guines', 40000, 0, 'Minuman'),
(108, 'AQUA', 7500, 1290, 'Minuman'),
(109, 'SOFTDRINK', 15000, 432, 'Minuman'),
(110, 'LYCHE MINT', 35000, 20, 'Minuman'),
(111, 'LYCHE MINT KOKTEL', 75000, 18, 'Minuman'),
(112, 'COPOCINO', 15000, 0, 'Minuman'),
(114, 'Kopi', 15000, 18, 'Minuman'),
(115, 'Bear Brand', 20000, 0, 'Minuman'),
(201, 'Samsu', 27500, 8, 'Rokok'),
(202, 'Rokok Super', 27500, 8, 'Rokok'),
(203, 'GG Filter', 27500, 14, 'Rokok'),
(204, 'MILD MERAH', 27500, 15, 'Rokok'),
(205, 'MILD MENTHOL', 27500, 21, 'Rokok'),
(206, 'Malboro Merah', 27500, 4, 'Rokok'),
(207, 'Malboro Putih', 27500, 9, 'Rokok'),
(208, 'Malboro Light Menthol', 27500, 0, 'Rokok'),
(209, 'Malboro Black Menthol', 27500, 11, 'Rokok'),
(210, 'Malboro Ice Menthol', 27500, 12, 'Rokok'),
(211, 'Dunhill', 27500, 10, 'Rokok'),
(212, 'Dunhill Menthol', 27500, 0, 'Rokok'),
(213, 'ESSE', 27500, 0, 'Rokok'),
(311, 'NASI GORENG', 20000, 1, 'Makanan'),
(312, 'BIHUN GORENG', 20000, 0, 'Makanan'),
(313, 'KWETIAU GORENG', 20000, 0, 'Makanan'),
(888, 'AYAM goreng,kremes,penyet.rica', 25000, 3, 'Makanan'),
(901, 'susu caramel', 15000, 0, 'Minuman'),
(999, 'Indomie', 10000, 0, 'Makanan'),
(1001, 'Tuna G Tepung', 30000, 24, 'Makanan'),
(1002, 'Cumi G Tepung', 30000, 8, 'Makanan'),
(1003, 'Kerang', 25000, 3, 'Makanan'),
(1004, 'Udang G Tepung', 35000, 8, 'Makanan'),
(1005, 'Sop Buntut Nasi', 50000, 27, 'Makanan'),
(1006, 'Mie Goreng', 20000, 0, 'Makanan'),
(1012, 'Kangkung+Nasi', 20000, 6, 'Makanan'),
(1013, 'Kangkung.tahu.tmpe.ikan asin', 35000, 0, 'Makanan'),
(1014, 'AYAM PENYET ASAM MANIS', 30000, 47, 'Makanan'),
(1015, 'gurame asam pedas/manis/s.pada', 50000, 8, 'Makanan'),
(1016, 'ICE DURIAN', 20000, 6, 'Minuman'),
(1017, 'ICE STROWBERY', 20000, 10, 'Minuman'),
(1018, 'ICE MANGGA', 20000, 6, 'Minuman'),
(1019, 'ICE JERUK', 20000, 10, 'Minuman');

-- --------------------------------------------------------

--
-- Table structure for table `item_2`
--

CREATE TABLE IF NOT EXISTS `item_2` (
  `id_item` int(50) NOT NULL AUTO_INCREMENT,
  `nama` varchar(30) NOT NULL,
  `price` int(11) DEFAULT NULL,
  `stock` int(11) NOT NULL,
  `jenis` varchar(32) NOT NULL,
  PRIMARY KEY (`id_item`)
) ENGINE=InnoDB  DEFAULT CHARSET=latin1 AUTO_INCREMENT=213 ;

--
-- Dumping data for table `item_2`
--

INSERT INTO `item_2` (`id_item`, `nama`, `price`, `stock`, `jenis`) VALUES
(28, 'SMIRNOFF ICE', 30000, 0, 'Minuman'),
(42, 'BINTANG KALENG', 35000, 4, 'Minuman'),
(44, 'HEINEKEN KALENG', 35000, 3, 'Minuman'),
(102, 'REDLER KALENG', 35000, 0, 'Minuman'),
(106, 'guines', 35000, 0, 'Minuman'),
(108, 'AQUA', 7500, 21, 'Minuman'),
(109, 'SOFTDRINK', 15000, 2, 'Minuman'),
(201, 'Samsu', 27500, 0, 'Rokok'),
(202, 'Rokok Super', 27500, 0, 'Rokok'),
(203, 'GG Filter', 27500, 0, 'Rokok'),
(204, 'MILD MERAH', 27500, 0, 'Rokok'),
(205, 'MILD MENTHOL', 27500, 0, 'Rokok'),
(206, 'Malboro Merah', 27500, 0, 'Rokok'),
(207, 'Malboro Putih', 27500, 0, 'Rokok'),
(208, 'Malboro Light Menthol', 27500, 0, 'Rokok'),
(209, 'Malboro Black Menthol', 27500, 0, 'Rokok'),
(210, 'Malboro Ice Menthol', 27500, 0, 'Rokok'),
(211, 'Dunhill', 27500, 0, 'Rokok'),
(212, 'Dunhill Menthol', 27500, 0, 'Rokok');

-- --------------------------------------------------------

--
-- Table structure for table `item_3`
--

CREATE TABLE IF NOT EXISTS `item_3` (
  `id_item` int(50) NOT NULL AUTO_INCREMENT,
  `nama` varchar(30) NOT NULL,
  `price` int(11) DEFAULT NULL,
  `stock` int(11) NOT NULL,
  `jenis` varchar(32) NOT NULL,
  PRIMARY KEY (`id_item`)
) ENGINE=InnoDB  DEFAULT CHARSET=latin1 AUTO_INCREMENT=2 ;

--
-- Dumping data for table `item_3`
--

INSERT INTO `item_3` (`id_item`, `nama`, `price`, `stock`, `jenis`) VALUES
(1, 'nasi putih', 4000, 0, 'Makanan');

-- --------------------------------------------------------

--
-- Table structure for table `item_4`
--

CREATE TABLE IF NOT EXISTS `item_4` (
  `id_item` int(50) NOT NULL AUTO_INCREMENT,
  `nama` varchar(30) NOT NULL,
  `price` int(11) DEFAULT NULL,
  `stock` int(11) NOT NULL,
  `jenis` varchar(32) NOT NULL,
  PRIMARY KEY (`id_item`)
) ENGINE=InnoDB  DEFAULT CHARSET=latin1 AUTO_INCREMENT=213 ;

--
-- Dumping data for table `item_4`
--

INSERT INTO `item_4` (`id_item`, `nama`, `price`, `stock`, `jenis`) VALUES
(28, 'SMIRNOFF ICE', 30000, 0, 'Minuman'),
(48, 'BALI HAI', 25000, 0, 'Minuman'),
(101, 'BIR BINTANG', 50000, 0, 'Minuman'),
(102, 'Bintang Lemon', 25000, 0, 'Minuman'),
(103, 'Heineken botol kecil', 30000, 0, 'Minuman'),
(106, 'guines', 35000, 0, 'Minuman'),
(108, 'AQUA', 7500, 0, 'Minuman'),
(109, 'SOFTDRINK', 15000, 0, 'Minuman'),
(201, 'Samsu', 27500, 0, 'Rokok'),
(202, 'Rokok Super', 27500, 0, 'Rokok'),
(203, 'GG Filter', 27500, 0, 'Rokok'),
(204, 'MILD MERAH', 27500, 0, 'Rokok'),
(205, 'MILD MENTHOL', 27500, 0, 'Rokok'),
(206, 'Malboro Merah', 27500, 0, 'Rokok'),
(207, 'Malboro Putih', 27500, 0, 'Rokok'),
(208, 'Malboro Light Menthol', 27500, 0, 'Rokok'),
(209, 'Malboro Black Menthol', 27500, 0, 'Rokok'),
(210, 'Malboro Ice Menthol', 27500, 0, 'Rokok'),
(211, 'Dunhill', 27500, 0, 'Rokok'),
(212, 'Dunhill Menthol', 27500, 0, 'Rokok');

-- --------------------------------------------------------

--
-- Table structure for table `item_5`
--

CREATE TABLE IF NOT EXISTS `item_5` (
  `id_item` int(50) NOT NULL AUTO_INCREMENT,
  `nama` varchar(30) NOT NULL,
  `price` int(11) DEFAULT NULL,
  `stock` int(11) NOT NULL,
  `jenis` varchar(32) NOT NULL,
  PRIMARY KEY (`id_item`)
) ENGINE=InnoDB  DEFAULT CHARSET=latin1 AUTO_INCREMENT=213 ;

--
-- Dumping data for table `item_5`
--

INSERT INTO `item_5` (`id_item`, `nama`, `price`, `stock`, `jenis`) VALUES
(28, 'SMIRNOFF ICE', 30000, 0, 'Minuman'),
(48, 'BALI HAI', 25000, 0, 'Minuman'),
(101, 'BIR BINTANG', 50000, 0, 'Minuman'),
(102, 'Bintang Lemon', 25000, 0, 'Minuman'),
(103, 'Heineken botol kecil', 30000, 0, 'Minuman'),
(106, 'guines', 35000, 0, 'Minuman'),
(108, 'AQUA', 7500, 0, 'Minuman'),
(109, 'SOFTDRINK', 15000, 0, 'Minuman'),
(201, 'Samsu', 27500, 0, 'Rokok'),
(202, 'Rokok Super', 27500, 0, 'Rokok'),
(203, 'GG Filter', 27500, 0, 'Rokok'),
(204, 'MILD MERAH', 27500, 0, 'Rokok'),
(205, 'MILD MENTHOL', 27500, 0, 'Rokok'),
(206, 'Malboro Merah', 27500, 0, 'Rokok'),
(207, 'Malboro Putih', 27500, 0, 'Rokok'),
(208, 'Malboro Light Menthol', 27500, 0, 'Rokok'),
(209, 'Malboro Black Menthol', 27500, 0, 'Rokok'),
(210, 'Malboro Ice Menthol', 27500, 0, 'Rokok'),
(211, 'Dunhill', 27500, 0, 'Rokok'),
(212, 'Dunhill Menthol', 27500, 0, 'Rokok');

-- --------------------------------------------------------

--
-- Table structure for table `migrations`
--

CREATE TABLE IF NOT EXISTS `migrations` (
  `migration` varchar(255) COLLATE utf8_unicode_ci NOT NULL,
  `batch` int(11) NOT NULL
) ENGINE=InnoDB DEFAULT CHARSET=utf8 COLLATE=utf8_unicode_ci;

--
-- Dumping data for table `migrations`
--

INSERT INTO `migrations` (`migration`, `batch`) VALUES
('2015_11_08_074635_create_users_table', 1);

-- --------------------------------------------------------

--
-- Table structure for table `periode`
--

CREATE TABLE IF NOT EXISTS `periode` (
  `id_periode` int(20) NOT NULL AUTO_INCREMENT,
  `start` timestamp NOT NULL DEFAULT CURRENT_TIMESTAMP,
  `end` timestamp NULL DEFAULT NULL,
  `active` tinyint(1) NOT NULL,
  `pengunjung` int(11) NOT NULL,
  PRIMARY KEY (`id_periode`)
) ENGINE=InnoDB  DEFAULT CHARSET=latin1 AUTO_INCREMENT=79 ;

--
-- Dumping data for table `periode`
--

INSERT INTO `periode` (`id_periode`, `start`, `end`, `active`, `pengunjung`) VALUES
(8, '2017-04-18 17:57:26', '2017-04-24 02:58:56', 0, 0),
(9, '2017-04-24 02:59:03', '2017-04-24 10:30:11', 0, 0),
(10, '2017-04-24 10:30:24', '2017-04-24 17:33:28', 0, 0),
(11, '2017-04-24 17:33:38', '2017-04-25 17:50:31', 0, 0),
(12, '2017-04-25 17:50:40', '2017-04-26 17:44:37', 0, 0),
(13, '2017-04-26 17:44:46', '2017-04-27 17:33:55', 0, 0),
(14, '2017-04-27 17:34:03', '2017-04-28 17:48:53', 0, 0),
(15, '2017-04-28 17:49:00', '2017-04-29 17:34:14', 0, 0),
(16, '2017-04-29 17:34:22', '2017-04-30 09:39:06', 0, 0),
(17, '2017-04-30 09:39:15', '2017-05-01 17:40:55', 0, 0),
(18, '2017-05-01 17:41:05', '2017-05-02 17:39:32', 0, 0),
(19, '2017-05-02 17:39:44', '2017-05-03 17:28:07', 0, 0),
(20, '2017-05-03 17:28:13', '2017-05-04 17:46:05', 0, 0),
(21, '2017-05-04 17:46:11', '2017-05-05 17:52:01', 0, 0),
(22, '2017-05-05 17:52:14', '2017-05-06 17:13:19', 0, 0),
(23, '2017-05-06 17:13:27', '2017-05-07 18:12:55', 0, 0),
(24, '2017-05-07 18:13:08', '2017-05-08 17:42:02', 0, 0),
(25, '2017-05-08 17:42:10', '2017-05-09 17:39:20', 0, 0),
(26, '2017-05-09 17:39:28', '2017-05-10 17:28:31', 0, 0),
(27, '2017-05-10 17:28:38', '2017-05-11 17:19:31', 0, 0),
(28, '2017-05-11 17:19:38', '2017-05-12 17:46:16', 0, 0),
(29, '2017-05-12 17:46:24', '2017-05-13 17:49:43', 0, 0),
(30, '2017-05-13 17:49:52', '2017-05-14 17:42:09', 0, 0),
(31, '2017-05-14 17:42:19', '2017-05-15 17:40:18', 0, 0),
(32, '2017-05-15 17:40:28', '2017-05-16 19:04:44', 0, 0),
(33, '2017-05-16 19:04:51', '2017-05-17 17:52:18', 0, 0),
(34, '2017-05-17 17:52:29', '2017-05-18 17:50:33', 0, 0),
(35, '2017-05-18 17:50:44', '2017-05-19 17:36:03', 0, 0),
(36, '2017-05-19 17:36:12', '2017-05-20 17:54:19', 0, 0),
(37, '2017-05-20 17:54:29', '2017-05-21 17:38:49', 0, 0),
(38, '2017-05-21 17:38:57', '2017-05-22 17:30:38', 0, 0),
(39, '2017-05-22 17:30:47', '2017-05-23 17:52:19', 0, 0),
(40, '2017-05-23 17:52:30', '2017-05-25 07:19:52', 0, 0),
(41, '2017-05-25 07:19:58', '2017-05-25 17:44:11', 0, 0),
(42, '2017-05-25 17:44:23', '2017-06-23 09:27:50', 0, 0),
(43, '2017-06-23 09:27:57', '2017-06-28 17:22:32', 0, 0),
(44, '2017-06-28 17:22:51', '2017-06-29 17:32:39', 0, 0),
(45, '2017-06-29 17:32:48', '2017-06-30 17:46:04', 0, 0),
(46, '2017-06-30 17:46:17', '2017-07-01 17:35:43', 0, 0),
(47, '2017-07-01 17:35:52', '2017-07-02 17:21:34', 0, 0),
(48, '2017-07-02 17:21:49', '2017-07-03 17:41:59', 0, 0),
(49, '2017-07-03 17:42:08', '2017-07-04 17:48:25', 0, 0),
(50, '2017-07-04 17:48:36', '2017-07-05 17:41:29', 0, 0),
(51, '2017-07-05 17:41:38', '2017-07-06 17:35:33', 0, 0),
(52, '2017-07-06 17:35:59', '2017-07-07 18:12:33', 0, 0),
(53, '2017-07-07 18:12:42', '2017-07-08 17:42:06', 0, 0),
(54, '2017-07-08 17:42:17', '2017-07-09 17:21:43', 0, 0),
(55, '2017-07-09 17:21:52', '2017-07-10 17:40:00', 0, 0),
(56, '2017-07-10 17:40:10', '2017-07-11 17:38:30', 0, 0),
(57, '2017-07-11 17:38:38', '2017-07-12 17:22:33', 0, 0),
(58, '2017-07-12 17:22:42', '2017-07-13 17:27:50', 0, 0),
(59, '2017-07-13 17:28:00', '2017-07-15 04:25:34', 0, 0),
(60, '2017-07-15 04:25:43', '2017-07-15 18:02:27', 0, 0),
(61, '2017-07-15 18:02:37', '2017-07-16 17:24:41', 0, 0),
(62, '2017-07-16 17:24:49', '2017-07-17 18:08:24', 0, 0),
(63, '2017-07-17 18:08:38', '2017-07-18 17:32:39', 0, 0),
(64, '2017-07-18 17:32:48', '2017-07-19 17:53:08', 0, 0),
(65, '2017-07-19 17:53:18', '2017-07-20 17:43:23', 0, 0),
(66, '2017-07-20 17:43:29', '2017-07-21 18:05:09', 0, 0),
(67, '2017-07-21 18:05:17', '2017-07-22 17:56:06', 0, 0),
(68, '2017-07-22 17:56:17', '2017-07-23 17:15:30', 0, 0),
(69, '2017-07-23 17:15:39', '2017-07-24 17:29:51', 0, 0),
(70, '2017-07-24 17:30:01', '2017-07-25 17:26:09', 0, 0),
(71, '2017-07-25 17:26:19', '2017-07-26 17:43:36', 0, 0),
(72, '2017-07-26 17:43:46', '2017-07-27 17:36:54', 0, 0),
(73, '2017-07-27 17:37:03', '2017-07-29 00:12:24', 0, 0),
(74, '2017-07-29 00:12:29', '2017-07-29 00:21:29', 0, 0),
(75, '2017-07-29 00:21:34', '2017-07-29 17:46:27', 0, 0),
(76, '2017-07-29 17:46:35', '2017-07-30 17:15:21', 0, 0),
(77, '2017-07-30 17:15:34', '2017-07-31 17:16:21', 0, 0),
(78, '2017-07-31 17:16:31', NULL, 1, 0);

-- --------------------------------------------------------

--
-- Table structure for table `pma__bookmark`
--

CREATE TABLE IF NOT EXISTS `pma__bookmark` (
  `id` int(10) unsigned NOT NULL AUTO_INCREMENT,
  `dbase` varchar(255) COLLATE utf8_bin NOT NULL DEFAULT '',
  `user` varchar(255) COLLATE utf8_bin NOT NULL DEFAULT '',
  `label` varchar(255) CHARACTER SET utf8 NOT NULL DEFAULT '',
  `query` text COLLATE utf8_bin NOT NULL,
  PRIMARY KEY (`id`)
) ENGINE=InnoDB DEFAULT CHARSET=utf8 COLLATE=utf8_bin COMMENT='Bookmarks' AUTO_INCREMENT=1 ;

-- --------------------------------------------------------

--
-- Table structure for table `pma__central_columns`
--

CREATE TABLE IF NOT EXISTS `pma__central_columns` (
  `db_name` varchar(64) COLLATE utf8_bin NOT NULL,
  `col_name` varchar(64) COLLATE utf8_bin NOT NULL,
  `col_type` varchar(64) COLLATE utf8_bin NOT NULL,
  `col_length` text COLLATE utf8_bin,
  `col_collation` varchar(64) COLLATE utf8_bin NOT NULL,
  `col_isNull` tinyint(1) NOT NULL,
  `col_extra` varchar(255) COLLATE utf8_bin DEFAULT '',
  `col_default` text COLLATE utf8_bin,
  PRIMARY KEY (`db_name`,`col_name`)
) ENGINE=InnoDB DEFAULT CHARSET=utf8 COLLATE=utf8_bin COMMENT='Central list of columns';

-- --------------------------------------------------------

--
-- Table structure for table `pma__column_info`
--

CREATE TABLE IF NOT EXISTS `pma__column_info` (
  `id` int(5) unsigned NOT NULL AUTO_INCREMENT,
  `db_name` varchar(64) COLLATE utf8_bin NOT NULL DEFAULT '',
  `table_name` varchar(64) COLLATE utf8_bin NOT NULL DEFAULT '',
  `column_name` varchar(64) COLLATE utf8_bin NOT NULL DEFAULT '',
  `comment` varchar(255) CHARACTER SET utf8 NOT NULL DEFAULT '',
  `mimetype` varchar(255) CHARACTER SET utf8 NOT NULL DEFAULT '',
  `transformation` varchar(255) COLLATE utf8_bin NOT NULL DEFAULT '',
  `transformation_options` varchar(255) COLLATE utf8_bin NOT NULL DEFAULT '',
  `input_transformation` varchar(255) COLLATE utf8_bin NOT NULL DEFAULT '',
  `input_transformation_options` varchar(255) COLLATE utf8_bin NOT NULL DEFAULT '',
  PRIMARY KEY (`id`),
  UNIQUE KEY `db_name` (`db_name`,`table_name`,`column_name`)
) ENGINE=InnoDB DEFAULT CHARSET=utf8 COLLATE=utf8_bin COMMENT='Column information for phpMyAdmin' AUTO_INCREMENT=1 ;

-- --------------------------------------------------------

--
-- Table structure for table `pma__designer_settings`
--

CREATE TABLE IF NOT EXISTS `pma__designer_settings` (
  `username` varchar(64) COLLATE utf8_bin NOT NULL,
  `settings_data` text COLLATE utf8_bin NOT NULL,
  PRIMARY KEY (`username`)
) ENGINE=InnoDB DEFAULT CHARSET=utf8 COLLATE=utf8_bin COMMENT='Settings related to Designer';

-- --------------------------------------------------------

--
-- Table structure for table `pma__export_templates`
--

CREATE TABLE IF NOT EXISTS `pma__export_templates` (
  `id` int(5) unsigned NOT NULL AUTO_INCREMENT,
  `username` varchar(64) COLLATE utf8_bin NOT NULL,
  `export_type` varchar(10) COLLATE utf8_bin NOT NULL,
  `template_name` varchar(64) COLLATE utf8_bin NOT NULL,
  `template_data` text COLLATE utf8_bin NOT NULL,
  PRIMARY KEY (`id`),
  UNIQUE KEY `u_user_type_template` (`username`,`export_type`,`template_name`)
) ENGINE=InnoDB DEFAULT CHARSET=utf8 COLLATE=utf8_bin COMMENT='Saved export templates' AUTO_INCREMENT=1 ;

-- --------------------------------------------------------

--
-- Table structure for table `pma__favorite`
--

CREATE TABLE IF NOT EXISTS `pma__favorite` (
  `username` varchar(64) COLLATE utf8_bin NOT NULL,
  `tables` text COLLATE utf8_bin NOT NULL,
  PRIMARY KEY (`username`)
) ENGINE=InnoDB DEFAULT CHARSET=utf8 COLLATE=utf8_bin COMMENT='Favorite tables';

-- --------------------------------------------------------

--
-- Table structure for table `pma__history`
--

CREATE TABLE IF NOT EXISTS `pma__history` (
  `id` bigint(20) unsigned NOT NULL AUTO_INCREMENT,
  `username` varchar(64) COLLATE utf8_bin NOT NULL DEFAULT '',
  `db` varchar(64) COLLATE utf8_bin NOT NULL DEFAULT '',
  `table` varchar(64) COLLATE utf8_bin NOT NULL DEFAULT '',
  `timevalue` timestamp NOT NULL DEFAULT CURRENT_TIMESTAMP,
  `sqlquery` text COLLATE utf8_bin NOT NULL,
  PRIMARY KEY (`id`),
  KEY `username` (`username`,`db`,`table`,`timevalue`)
) ENGINE=InnoDB DEFAULT CHARSET=utf8 COLLATE=utf8_bin COMMENT='SQL history for phpMyAdmin' AUTO_INCREMENT=1 ;

-- --------------------------------------------------------

--
-- Table structure for table `pma__navigationhiding`
--

CREATE TABLE IF NOT EXISTS `pma__navigationhiding` (
  `username` varchar(64) COLLATE utf8_bin NOT NULL,
  `item_name` varchar(64) COLLATE utf8_bin NOT NULL,
  `item_type` varchar(64) COLLATE utf8_bin NOT NULL,
  `db_name` varchar(64) COLLATE utf8_bin NOT NULL,
  `table_name` varchar(64) COLLATE utf8_bin NOT NULL,
  PRIMARY KEY (`username`,`item_name`,`item_type`,`db_name`,`table_name`)
) ENGINE=InnoDB DEFAULT CHARSET=utf8 COLLATE=utf8_bin COMMENT='Hidden items of navigation tree';

-- --------------------------------------------------------

--
-- Table structure for table `pma__pdf_pages`
--

CREATE TABLE IF NOT EXISTS `pma__pdf_pages` (
  `db_name` varchar(64) COLLATE utf8_bin NOT NULL DEFAULT '',
  `page_nr` int(10) unsigned NOT NULL AUTO_INCREMENT,
  `page_descr` varchar(50) CHARACTER SET utf8 NOT NULL DEFAULT '',
  PRIMARY KEY (`page_nr`),
  KEY `db_name` (`db_name`)
) ENGINE=InnoDB DEFAULT CHARSET=utf8 COLLATE=utf8_bin COMMENT='PDF relation pages for phpMyAdmin' AUTO_INCREMENT=1 ;

-- --------------------------------------------------------

--
-- Table structure for table `pma__recent`
--

CREATE TABLE IF NOT EXISTS `pma__recent` (
  `username` varchar(64) COLLATE utf8_bin NOT NULL,
  `tables` text COLLATE utf8_bin NOT NULL,
  PRIMARY KEY (`username`)
) ENGINE=InnoDB DEFAULT CHARSET=utf8 COLLATE=utf8_bin COMMENT='Recently accessed tables';

--
-- Dumping data for table `pma__recent`
--

INSERT INTO `pma__recent` (`username`, `tables`) VALUES
('root', '[{"db":"gvs2","table":"transaksi_refleksi"},{"db":"gvs2","table":"transaksi_massage"},{"db":"gvs2","table":"gelang_customer"},{"db":"gvs2","table":"gelang"},{"db":"gvs2","table":"reset_kartu"},{"db":"gvs2","table":"histori_pelanggan"},{"db":"gvs2","table":"transaksi_bar"},{"db":"gvs2","table":"therapist_refleksi"},{"db":"gvs2","table":"pma__bookmark"},{"db":"vgs","table":"histori_pelanggan"}]');

-- --------------------------------------------------------

--
-- Table structure for table `pma__relation`
--

CREATE TABLE IF NOT EXISTS `pma__relation` (
  `master_db` varchar(64) COLLATE utf8_bin NOT NULL DEFAULT '',
  `master_table` varchar(64) COLLATE utf8_bin NOT NULL DEFAULT '',
  `master_field` varchar(64) COLLATE utf8_bin NOT NULL DEFAULT '',
  `foreign_db` varchar(64) COLLATE utf8_bin NOT NULL DEFAULT '',
  `foreign_table` varchar(64) COLLATE utf8_bin NOT NULL DEFAULT '',
  `foreign_field` varchar(64) COLLATE utf8_bin NOT NULL DEFAULT '',
  PRIMARY KEY (`master_db`,`master_table`,`master_field`),
  KEY `foreign_field` (`foreign_db`,`foreign_table`)
) ENGINE=InnoDB DEFAULT CHARSET=utf8 COLLATE=utf8_bin COMMENT='Relation table';

-- --------------------------------------------------------

--
-- Table structure for table `pma__savedsearches`
--

CREATE TABLE IF NOT EXISTS `pma__savedsearches` (
  `id` int(5) unsigned NOT NULL AUTO_INCREMENT,
  `username` varchar(64) COLLATE utf8_bin NOT NULL DEFAULT '',
  `db_name` varchar(64) COLLATE utf8_bin NOT NULL DEFAULT '',
  `search_name` varchar(64) COLLATE utf8_bin NOT NULL DEFAULT '',
  `search_data` text COLLATE utf8_bin NOT NULL,
  PRIMARY KEY (`id`),
  UNIQUE KEY `u_savedsearches_username_dbname` (`username`,`db_name`,`search_name`)
) ENGINE=InnoDB DEFAULT CHARSET=utf8 COLLATE=utf8_bin COMMENT='Saved searches' AUTO_INCREMENT=1 ;

-- --------------------------------------------------------

--
-- Table structure for table `pma__table_coords`
--

CREATE TABLE IF NOT EXISTS `pma__table_coords` (
  `db_name` varchar(64) COLLATE utf8_bin NOT NULL DEFAULT '',
  `table_name` varchar(64) COLLATE utf8_bin NOT NULL DEFAULT '',
  `pdf_page_number` int(11) NOT NULL DEFAULT '0',
  `x` float unsigned NOT NULL DEFAULT '0',
  `y` float unsigned NOT NULL DEFAULT '0',
  PRIMARY KEY (`db_name`,`table_name`,`pdf_page_number`)
) ENGINE=InnoDB DEFAULT CHARSET=utf8 COLLATE=utf8_bin COMMENT='Table coordinates for phpMyAdmin PDF output';

-- --------------------------------------------------------

--
-- Table structure for table `pma__table_info`
--

CREATE TABLE IF NOT EXISTS `pma__table_info` (
  `db_name` varchar(64) COLLATE utf8_bin NOT NULL DEFAULT '',
  `table_name` varchar(64) COLLATE utf8_bin NOT NULL DEFAULT '',
  `display_field` varchar(64) COLLATE utf8_bin NOT NULL DEFAULT '',
  PRIMARY KEY (`db_name`,`table_name`)
) ENGINE=InnoDB DEFAULT CHARSET=utf8 COLLATE=utf8_bin COMMENT='Table information for phpMyAdmin';

-- --------------------------------------------------------

--
-- Table structure for table `pma__table_uiprefs`
--

CREATE TABLE IF NOT EXISTS `pma__table_uiprefs` (
  `username` varchar(64) COLLATE utf8_bin NOT NULL,
  `db_name` varchar(64) COLLATE utf8_bin NOT NULL,
  `table_name` varchar(64) COLLATE utf8_bin NOT NULL,
  `prefs` text COLLATE utf8_bin NOT NULL,
  `last_update` timestamp NOT NULL DEFAULT CURRENT_TIMESTAMP ON UPDATE CURRENT_TIMESTAMP,
  PRIMARY KEY (`username`,`db_name`,`table_name`)
) ENGINE=InnoDB DEFAULT CHARSET=utf8 COLLATE=utf8_bin COMMENT='Tables'' UI preferences';

-- --------------------------------------------------------

--
-- Table structure for table `pma__tracking`
--

CREATE TABLE IF NOT EXISTS `pma__tracking` (
  `db_name` varchar(64) COLLATE utf8_bin NOT NULL,
  `table_name` varchar(64) COLLATE utf8_bin NOT NULL,
  `version` int(10) unsigned NOT NULL,
  `date_created` datetime NOT NULL,
  `date_updated` datetime NOT NULL,
  `schema_snapshot` text COLLATE utf8_bin NOT NULL,
  `schema_sql` text COLLATE utf8_bin,
  `data_sql` longtext COLLATE utf8_bin,
  `tracking` set('UPDATE','REPLACE','INSERT','DELETE','TRUNCATE','CREATE DATABASE','ALTER DATABASE','DROP DATABASE','CREATE TABLE','ALTER TABLE','RENAME TABLE','DROP TABLE','CREATE INDEX','DROP INDEX','CREATE VIEW','ALTER VIEW','DROP VIEW') COLLATE utf8_bin DEFAULT NULL,
  `tracking_active` int(1) unsigned NOT NULL DEFAULT '1',
  PRIMARY KEY (`db_name`,`table_name`,`version`)
) ENGINE=InnoDB DEFAULT CHARSET=utf8 COLLATE=utf8_bin COMMENT='Database changes tracking for phpMyAdmin';

-- --------------------------------------------------------

--
-- Table structure for table `pma__userconfig`
--

CREATE TABLE IF NOT EXISTS `pma__userconfig` (
  `username` varchar(64) COLLATE utf8_bin NOT NULL,
  `timevalue` timestamp NOT NULL DEFAULT CURRENT_TIMESTAMP ON UPDATE CURRENT_TIMESTAMP,
  `config_data` text COLLATE utf8_bin NOT NULL,
  PRIMARY KEY (`username`)
) ENGINE=InnoDB DEFAULT CHARSET=utf8 COLLATE=utf8_bin COMMENT='User preferences storage for phpMyAdmin';

--
-- Dumping data for table `pma__userconfig`
--

INSERT INTO `pma__userconfig` (`username`, `timevalue`, `config_data`) VALUES
('root', '2017-04-23 16:09:30', '{"collation_connection":"utf8mb4_unicode_ci"}');

-- --------------------------------------------------------

--
-- Table structure for table `pma__usergroups`
--

CREATE TABLE IF NOT EXISTS `pma__usergroups` (
  `usergroup` varchar(64) COLLATE utf8_bin NOT NULL,
  `tab` varchar(64) COLLATE utf8_bin NOT NULL,
  `allowed` enum('Y','N') COLLATE utf8_bin NOT NULL DEFAULT 'N',
  PRIMARY KEY (`usergroup`,`tab`,`allowed`)
) ENGINE=InnoDB DEFAULT CHARSET=utf8 COLLATE=utf8_bin COMMENT='User groups with configured menu items';

-- --------------------------------------------------------

--
-- Table structure for table `pma__users`
--

CREATE TABLE IF NOT EXISTS `pma__users` (
  `username` varchar(64) COLLATE utf8_bin NOT NULL,
  `usergroup` varchar(64) COLLATE utf8_bin NOT NULL,
  PRIMARY KEY (`username`,`usergroup`)
) ENGINE=InnoDB DEFAULT CHARSET=utf8 COLLATE=utf8_bin COMMENT='Users and their assignments to user groups';

-- --------------------------------------------------------

--
-- Table structure for table `reset_kartu`
--

CREATE TABLE IF NOT EXISTS `reset_kartu` (
  `id` int(11) NOT NULL AUTO_INCREMENT,
  `id_gelang` int(20) NOT NULL,
  `saldo` int(11) NOT NULL,
  `id_periode` int(20) NOT NULL,
  PRIMARY KEY (`id`),
  KEY `id_gelang` (`id_gelang`),
  KEY `id_periode` (`id_periode`)
) ENGINE=InnoDB DEFAULT CHARSET=latin1 AUTO_INCREMENT=1 ;

-- --------------------------------------------------------

--
-- Table structure for table `room`
--

CREATE TABLE IF NOT EXISTS `room` (
  `id` int(11) NOT NULL AUTO_INCREMENT,
  `available` tinyint(1) NOT NULL,
  PRIMARY KEY (`id`)
) ENGINE=InnoDB  DEFAULT CHARSET=latin1 AUTO_INCREMENT=21 ;

--
-- Dumping data for table `room`
--

INSERT INTO `room` (`id`, `available`) VALUES
(1, 1),
(2, 1),
(3, 1),
(4, 1),
(5, 0),
(6, 1),
(7, 0),
(8, 0),
(9, 1),
(10, 1),
(11, 0),
(12, 1),
(13, 1),
(14, 1),
(15, 1),
(16, 1),
(17, 1),
(18, 1),
(19, 1),
(20, 1);

-- --------------------------------------------------------

--
-- Table structure for table `room_old`
--

CREATE TABLE IF NOT EXISTS `room_old` (
  `id` int(11) NOT NULL AUTO_INCREMENT,
  `available` tinyint(1) NOT NULL,
  PRIMARY KEY (`id`)
) ENGINE=InnoDB DEFAULT CHARSET=latin1 AUTO_INCREMENT=1 ;

-- --------------------------------------------------------

--
-- Table structure for table `ruang`
--

CREATE TABLE IF NOT EXISTS `ruang` (
  `id` int(11) NOT NULL AUTO_INCREMENT,
  `available` tinyint(1) NOT NULL,
  `lantai` int(11) NOT NULL,
  PRIMARY KEY (`id`)
) ENGINE=InnoDB  DEFAULT CHARSET=latin1 AUTO_INCREMENT=42 ;

--
-- Dumping data for table `ruang`
--

INSERT INTO `ruang` (`id`, `available`, `lantai`) VALUES
(1, 0, 3),
(2, 0, 3),
(3, 0, 3),
(4, 0, 3),
(5, 0, 3),
(6, 0, 3),
(7, 0, 3),
(8, 0, 3),
(9, 0, 3),
(10, 0, 3),
(11, 0, 3),
(12, 0, 3),
(13, 0, 3),
(14, 0, 3),
(15, 0, 3),
(16, 0, 3),
(17, 0, 3),
(18, 0, 3),
(19, 0, 3),
(20, 0, 3),
(21, 0, 3),
(22, 0, 3),
(23, 0, 3),
(24, 0, 3),
(25, 0, 3),
(26, 0, 3),
(27, 0, 3),
(28, 0, 3),
(29, 0, 4),
(30, 0, 4),
(31, 0, 4),
(32, 0, 4),
(33, 0, 4),
(34, 0, 4),
(35, 0, 4),
(36, 0, 4),
(37, 0, 4),
(38, 0, 4),
(39, 0, 4),
(40, 0, 4),
(41, 0, 4);

-- --------------------------------------------------------

--
-- Table structure for table `therapist`
--

CREATE TABLE IF NOT EXISTS `therapist` (
  `id_therapist` int(20) NOT NULL AUTO_INCREMENT,
  `nama` varchar(30) NOT NULL,
  `no_kartu` int(11) NOT NULL,
  PRIMARY KEY (`id_therapist`),
  UNIQUE KEY `id_therapist` (`id_therapist`)
) ENGINE=InnoDB  DEFAULT CHARSET=latin1 AUTO_INCREMENT=202 ;

--
-- Dumping data for table `therapist`
--

INSERT INTO `therapist` (`id_therapist`, `nama`, `no_kartu`) VALUES
(1, 'ghea', 10004078),
(2, 'BINTANG', 1000006),
(3, 'DINDA', 10006912),
(4, 'KEKE', 10004785),
(5, 'RARAS', 10006926),
(6, 'MELISA', 10006841),
(7, 'TAMARA', 10006844),
(8, 'MEISA', 10006843),
(9, 'SHIFA', 10006925),
(10, 'KIRAY', 10006923),
(11, 'IMEL', 10006922),
(12, 'BIANCA', 10006924),
(13, 'KIMIE', 10006907),
(14, 'NIKEN', 10006908),
(15, 'NOVA', 2009646),
(16, 'HANNY', 10006847),
(17, 'ALEXSA', 10000126),
(18, 'KIRAY', 10006848),
(19, 'CACA', 10006850),
(20, 'ratu', 10006849),
(21, 'DARA', 10006960),
(22, 'VITTA', 10006938),
(23, 'ALISA', 10006937),
(24, 'AUDY', 10004976),
(25, 'LITA', 1000106),
(26, 'AMOY', 2013389),
(27, 'ADEL', 1000001),
(28, 'YUNI', 1000089),
(29, 'WULAN', 10004683),
(30, 'NANDA', 10006936),
(31, 'LYLA', 10006935),
(32, 'FLO', 10003089),
(33, 'RIRIN', 1000088),
(34, 'IMELL', 10006934),
(35, 'EVA', 10006933),
(36, 'ANES', 1000064),
(37, 'YANTI', 6099),
(38, 'NADIA', 1000029),
(39, 'SINTA', 10006913),
(40, 'PINKIE', 10006845),
(41, 'INDAH', 1000215),
(42, 'VINA', 10006867),
(43, 'AGNES', 2018323),
(44, 'RATNA', 10006870),
(45, 'NISA', 10006868),
(46, 'ISABEL', 10003511),
(47, 'MAYA', 1000026),
(48, 'ARRA', 10006931),
(49, 'MONA', 2014568),
(50, 'REVA', 10006896),
(51, 'ALISA', 10006040),
(52, 'TASYA', 10006897),
(53, 'VANESSA', 10006898),
(54, 'YESSA', 10002068),
(55, 'DIRA', 1000019),
(56, 'YULLY', 10006899),
(57, 'LYLA', 10006900),
(58, 'ARUM', 10005493),
(59, 'YESSA', 10006889),
(60, 'cherry', 2016876),
(61, 'ABEL', 2020130),
(62, 'MANDA', 1000025),
(63, 'GISEL', 2004300),
(64, 'SHIREN', 10005424),
(65, 'SANDRA', 1000043),
(66, 'KINAN', 10002342),
(67, 'MIABY', 10005460),
(68, 'CHIKA', 10006910),
(69, 'LAURA', 10004191),
(70, 'Dinda.', 10006911),
(71, 'Rere', 10002331),
(72, 'WIDIA', 10006902),
(73, 'STEVANI', 2004976),
(74, 'CILLA', 2018379),
(75, 'jesika', 2006613),
(76, 'Sindi', 10006905),
(77, 'AJENG', 10006906),
(78, 'TASYA.', 10006928),
(79, 'LONA', 10006919),
(80, 'TRANTI', 10006921),
(81, 'JEJE', 10006929),
(82, 'WANDA', 10006944),
(83, 'TRANTI.', 10002359),
(84, 'Hendi', 10006866),
(85, 'PUTRI', 10006875),
(86, 'WIDYA', 10006874),
(87, 'NIKEN', 10004394),
(88, 'SHINTA', 10006872),
(89, 'ALEE', 10006871),
(90, 'RATNA', 10006882),
(91, 'HANNY', 10003906),
(92, 'VARA', 10006881),
(93, 'JENY', 1000109),
(94, 'ADIII', 10006869),
(95, 'natalia', 10001328),
(96, 'Puput', 2013354),
(97, 'MeyMey', 10000786),
(98, 'RINDU', 2019043),
(99, 'MORZA', 2018260),
(100, 'RESSA', 1000045),
(101, 'ANDIN.', 10005234),
(102, 'ANGGREK', 10006909),
(103, 'AUDY.', 2014513),
(104, 'SISI', 10003913),
(105, 'INEZ', 2018522),
(106, 'LISA.', 2009677),
(107, 'ELIS', 10007563),
(108, 'MELISA.', 10006607),
(109, 'KIMIE.', 2006881),
(110, 'HANNY.', 10006895),
(111, 'VANIYA', 10006903),
(112, 'WULAN.', 10006904),
(113, 'NIKEN.', 10006864),
(114, 'Callista', 10006901),
(115, 'MALIKA', 10006164),
(116, 'Cellin', 1000009),
(117, 'RITTA', 2014861),
(118, 'nindi', 10006859),
(119, 'ALEXSA.', 10006865),
(120, 'SHIFA.', 10006879),
(121, 'SARAS', 10007324),
(122, 'AUDY', 10006894),
(123, 'ROSA', 10006891),
(124, 'Mawar.', 10000379),
(125, 'Shopie', 10006880),
(126, 'BIAN', 10006876),
(127, 'ANGEL', 10006863),
(128, 'CLARA', 10006862),
(129, '', 1100143),
(130, 'VITTA.', 10006893),
(131, 'ghea', 10000393),
(132, 'SHIREN.', 10007889),
(133, 'BUNGA', 10006892),
(134, 'NIKKE', 10006861),
(135, 'VEE', 2003291),
(136, 'LAURA', 10008331),
(137, 'CACA.', 10006890),
(138, 'ALICE', 10007928),
(139, 'NADILA', 1000205),
(140, 'ALLE', 10006860),
(141, 'IIS', 2147483647),
(142, 'IIS.', 1000065),
(143, 'ERNA', 10000148),
(144, 'ike', 10005441),
(145, 'MAHARANI', 2004566),
(146, 'MIA', 2014338),
(147, 'VEE', 2003693),
(148, 'TANTI', 1000092),
(149, 'ANDIN', 10008242),
(150, 'MELISA', 10007531),
(151, 'NANDA', 2020131),
(152, 'ANNE', 1000070),
(153, 'MOCCA', 2016875),
(154, 'KASIH', 1000078),
(155, 'CINDI', 1000016),
(156, 'DEVI', 1000017),
(157, 'EVA', 10007967),
(158, 'SERLY', 1000100),
(159, 'ALDA', 10008450),
(160, 'VIA', 1000090),
(161, 'CINTA', 10008077),
(162, 'LONA.', 10008306),
(163, 'CHATARINE', 6113),
(164, 'LULU', 10008190),
(165, 'GINA', 14003838),
(166, 'CELSI', 2012235),
(167, 'yesa', 10007822),
(168, 'NIDA.', 14002771),
(169, 'MELDA', 10001329),
(170, 'GENDIS', 14002786),
(171, 'MANDA.', 10008480),
(172, 'CINTA', 14002764),
(173, 'ANDIN.', 14003460),
(174, 'DIAN', 10008201),
(175, 'cilla1', 14001722),
(176, 'maia', 10002514),
(177, 'Anggii', 14000980),
(178, 'Lidia', 14000996),
(179, 'RIRIN.', 14002020),
(180, 'RAYA', 2004991),
(181, 'Risma', 14004618),
(182, 'aliceee', 14004616),
(183, 'RATNA', 14004596),
(184, 'NADIA.', 2012228),
(185, 'PIPIT', 14004754),
(186, 'CACA.', 10007885),
(187, 'CELSI.', 10010262),
(188, 'April', 1000417),
(189, 'AMY', 1000003),
(190, 'USI', 14002944),
(191, 'VIDA', 10010053),
(192, 'CILLA..', 10003047),
(193, 'TAMARA.', 10007435),
(194, 'Tasya..', 2011787),
(195, 'MORZA', 10008339),
(196, 'Zaskia', 10010379),
(197, 'DEA', 10010541),
(198, 'dhea', 10010542),
(199, 'VICKIE', 10010543),
(201, 'CLARA.2', 10004648);

-- --------------------------------------------------------

--
-- Table structure for table `therapist_refleksi`
--

CREATE TABLE IF NOT EXISTS `therapist_refleksi` (
  `id_therapist` int(20) NOT NULL AUTO_INCREMENT,
  `nama` varchar(30) NOT NULL,
  `no_kartu` int(11) NOT NULL,
  PRIMARY KEY (`id_therapist`),
  UNIQUE KEY `id_therapist` (`id_therapist`)
) ENGINE=InnoDB  DEFAULT CHARSET=latin1 AUTO_INCREMENT=13 ;

--
-- Dumping data for table `therapist_refleksi`
--

INSERT INTO `therapist_refleksi` (`id_therapist`, `nama`, `no_kartu`) VALUES
(1, 'Hendi', 10006866),
(2, 'Hendi.', 10006876),
(3, 'ADIIII', 10006869),
(4, 'HENDI.', 10006882),
(5, 'HENDI..', 10006912),
(6, 'adii', 10006890),
(7, 'ADII', 10006910),
(8, 'Adi', 10006847),
(9, 'ADI', 10006895),
(10, 'adi', 10008159),
(11, 'adi.', 10010559),
(12, 'ADI..', 10010558);

-- --------------------------------------------------------

--
-- Table structure for table `transaksi_bar`
--

CREATE TABLE IF NOT EXISTS `transaksi_bar` (
  `id_transaksi` int(20) NOT NULL AUTO_INCREMENT,
  `no_gelang` int(11) NOT NULL,
  `id_item` int(20) NOT NULL,
  `jumlah` int(11) NOT NULL,
  `active` tinyint(1) NOT NULL,
  `harga_total` int(11) DEFAULT NULL,
  `periode` int(11) NOT NULL,
  `waktu` timestamp NULL DEFAULT CURRENT_TIMESTAMP,
  PRIMARY KEY (`id_transaksi`)
) ENGINE=InnoDB  DEFAULT CHARSET=latin1 AUTO_INCREMENT=154 ;

--
-- Dumping data for table `transaksi_bar`
--

INSERT INTO `transaksi_bar` (`id_transaksi`, `no_gelang`, `id_item`, `jumlah`, `active`, `harga_total`, `periode`, `waktu`) VALUES
(1, 14004591, 114, 1, 1, 15000, 78, '2017-08-01 05:18:23'),
(2, 14008814, 311, 2, 1, 40000, 78, '2017-08-01 05:20:24'),
(3, 14008814, 108, 1, 1, 7500, 78, '2017-08-01 05:20:24'),
(4, 14008814, 108, 1, 1, 7500, 78, '2017-08-01 05:21:56'),
(5, 14008689, 109, 1, 1, 15000, 78, '2017-08-01 05:24:05'),
(6, 14001019, 40, 2, 1, 50000, 78, '2017-08-01 06:08:36'),
(7, 14001645, 108, 1, 1, 7500, 78, '2017-08-01 06:27:41'),
(8, 14001645, 205, 1, 1, 27500, 78, '2017-08-01 06:28:17'),
(9, 1100176, 108, 2, 1, 15000, 78, '2017-08-01 06:28:45'),
(10, 14008696, 108, 1, 1, 7500, 78, '2017-08-01 06:32:06'),
(11, 14008696, 109, 1, 1, 15000, 78, '2017-08-01 06:32:07'),
(12, 1100175, 108, 1, 1, 7500, 78, '2017-08-01 06:54:47'),
(13, 1100251, 108, 1, 1, 7500, 78, '2017-08-01 07:17:19'),
(14, 14008327, 31, 1, 1, 25000, 78, '2017-08-01 07:28:52'),
(15, 14008327, 109, 1, 1, 15000, 78, '2017-08-01 07:28:52'),
(16, 14008846, 108, 2, 1, 15000, 78, '2017-08-01 07:32:38'),
(17, 14008327, 108, 1, 1, 7500, 78, '2017-08-01 07:33:05'),
(18, 14003017, 109, 1, 1, 15000, 78, '2017-08-01 08:00:29'),
(19, 14003017, 109, 1, 1, 15000, 78, '2017-08-01 08:01:10'),
(20, 14008324, 108, 1, 1, 7500, 78, '2017-08-01 08:05:04'),
(21, 14008846, 109, 1, 1, 15000, 78, '2017-08-01 08:05:37'),
(22, 1100160, 109, 1, 1, 15000, 78, '2017-08-01 08:18:00'),
(23, 1100160, 204, 1, 1, 27500, 78, '2017-08-01 08:18:00'),
(24, 14000569, 108, 1, 1, 7500, 78, '2017-08-01 08:20:46'),
(25, 14008846, 109, 1, 1, 15000, 78, '2017-08-01 08:21:23'),
(26, 14008711, 42, 2, 1, 70000, 78, '2017-08-01 08:26:14'),
(27, 14008451, 108, 1, 1, 7500, 78, '2017-08-01 08:29:25'),
(28, 14008124, 1016, 1, 1, 20000, 78, '2017-08-01 08:33:55'),
(29, 14008712, 109, 1, 1, 15000, 78, '2017-08-01 08:39:15'),
(30, 1100251, 1016, 1, 1, 20000, 78, '2017-08-01 08:44:04'),
(31, 14008713, 42, 1, 1, 35000, 78, '2017-08-01 08:47:28'),
(32, 1100121, 114, 1, 1, 15000, 78, '2017-08-01 08:51:27'),
(33, 1100249, 23, 1, 1, 15000, 78, '2017-08-01 08:52:40'),
(34, 1100249, 108, 1, 1, 7500, 78, '2017-08-01 08:52:40'),
(35, 14000480, 109, 1, 1, 15000, 78, '2017-08-01 08:53:08'),
(36, 1100261, 1016, 1, 1, 20000, 78, '2017-08-01 08:54:15'),
(37, 14000480, 37, 1, 1, 15000, 78, '2017-08-01 08:57:12'),
(38, 14008619, 108, 2, 1, 15000, 78, '2017-08-01 08:58:06'),
(39, 14008324, 37, 1, 1, 15000, 78, '2017-08-01 09:15:02'),
(40, 14008678, 108, 1, 1, 7500, 78, '2017-08-01 09:15:06'),
(41, 14008324, 311, 1, 1, 20000, 78, '2017-08-01 09:15:34'),
(42, 14008324, 108, 1, 1, 7500, 78, '2017-08-01 09:15:34'),
(43, 14008711, 109, 1, 1, 15000, 78, '2017-08-01 09:17:09'),
(44, 1100180, 109, 1, 1, 15000, 78, '2017-08-01 09:17:11'),
(45, 14008711, 109, 1, 1, 15000, 78, '2017-08-01 09:17:37'),
(46, 1100217, 23, 1, 1, 15000, 78, '2017-08-01 09:31:55'),
(47, 1100217, 108, 1, 1, 7500, 78, '2017-08-01 09:31:55'),
(48, 1100217, 1014, 1, 1, 30000, 78, '2017-08-01 09:36:15'),
(49, 1100217, 108, 1, 1, 7500, 78, '2017-08-01 09:36:16'),
(50, 1100182, 1014, 1, 1, 30000, 78, '2017-08-01 09:40:12'),
(51, 1100182, 37, 1, 1, 15000, 78, '2017-08-01 09:40:12'),
(52, 14008735, 37, 1, 1, 15000, 78, '2017-08-01 09:42:57'),
(53, 14001188, 27, 1, 1, 5000, 78, '2017-08-01 09:52:25'),
(54, 14001188, 1, 1, 1, 4000, 78, '2017-08-01 09:52:42'),
(55, 14008705, 109, 1, 1, 15000, 78, '2017-08-01 10:04:11'),
(56, 14008735, 109, 1, 1, 15000, 78, '2017-08-01 10:08:26'),
(57, 14000767, 109, 1, 1, 15000, 78, '2017-08-01 10:08:41'),
(58, 1100182, 37, 1, 1, 15000, 78, '2017-08-01 10:09:00'),
(59, 1100261, 1014, 1, 1, 30000, 78, '2017-08-01 10:32:43'),
(60, 1100261, 108, 1, 1, 7500, 78, '2017-08-01 10:32:43'),
(61, 14001133, 44, 1, 1, 35000, 78, '2017-08-01 10:38:25'),
(62, 14001133, 109, 1, 1, 15000, 78, '2017-08-01 10:38:26'),
(63, 1100160, 23, 1, 1, 15000, 78, '2017-08-01 10:47:09'),
(64, 1100160, 37, 1, 1, 15000, 78, '2017-08-01 10:47:09'),
(65, 1100277, 23, 1, 1, 15000, 78, '2017-08-01 10:47:50'),
(66, 1100277, 108, 1, 1, 7500, 78, '2017-08-01 10:47:50'),
(67, 14000056, 108, 1, 1, 7500, 78, '2017-08-01 10:55:03'),
(68, 14001188, 108, 1, 1, 7500, 78, '2017-08-01 10:55:41'),
(69, 14001105, 1014, 1, 1, 30000, 78, '2017-08-01 10:57:23'),
(70, 14001105, 108, 1, 1, 7500, 78, '2017-08-01 10:57:23'),
(71, 1100220, 1014, 1, 1, 30000, 78, '2017-08-01 11:05:21'),
(72, 1100220, 108, 1, 1, 7500, 78, '2017-08-01 11:05:21'),
(73, 14008744, 108, 1, 1, 7500, 78, '2017-08-01 11:06:12'),
(74, 14000056, 1014, 1, 1, 30000, 78, '2017-08-01 11:07:34'),
(75, 14000056, 1016, 1, 1, 20000, 78, '2017-08-01 11:07:34'),
(76, 1100181, 1014, 1, 1, 30000, 78, '2017-08-01 11:11:32'),
(77, 1100181, 108, 1, 1, 7500, 78, '2017-08-01 11:11:32'),
(78, 1100235, 1014, 1, 1, 30000, 78, '2017-08-01 11:12:32'),
(79, 1100235, 108, 1, 1, 7500, 78, '2017-08-01 11:12:32'),
(80, 14008480, 1014, 2, 1, 60000, 78, '2017-08-01 11:28:49'),
(81, 14008480, 108, 2, 1, 15000, 78, '2017-08-01 11:28:49'),
(82, 1100215, 311, 1, 1, 20000, 78, '2017-08-01 11:34:56'),
(83, 1100215, 108, 1, 1, 7500, 78, '2017-08-01 11:34:56'),
(84, 1100251, 1014, 1, 1, 30000, 78, '2017-08-01 11:39:57'),
(85, 1100251, 37, 1, 1, 15000, 78, '2017-08-01 11:39:57'),
(86, 14000722, 114, 1, 1, 15000, 78, '2017-08-01 11:40:24'),
(87, 1100121, 1018, 1, 1, 20000, 78, '2017-08-01 11:44:04'),
(88, 1100212, 23, 1, 1, 15000, 78, '2017-08-01 11:49:07'),
(89, 1100212, 108, 1, 1, 7500, 78, '2017-08-01 11:49:07'),
(90, 1100212, 311, 1, 1, 20000, 78, '2017-08-01 11:51:11'),
(91, 1100212, 37, 1, 1, 15000, 78, '2017-08-01 11:51:11'),
(92, 14000806, 311, 1, 1, 20000, 78, '2017-08-01 11:57:44'),
(93, 14000806, 108, 1, 1, 7500, 78, '2017-08-01 11:58:00'),
(94, 1100205, 1014, 1, 1, 30000, 78, '2017-08-01 11:59:25'),
(95, 14000974, 37, 1, 1, 15000, 78, '2017-08-01 12:15:57'),
(96, 14002532, 23, 1, 1, 15000, 78, '2017-08-01 12:17:25'),
(97, 1100178, 1014, 1, 1, 30000, 78, '2017-08-01 12:21:24'),
(98, 1100178, 108, 1, 1, 7500, 78, '2017-08-01 12:21:24'),
(99, 14003923, 108, 1, 1, 7500, 78, '2017-08-01 12:21:44'),
(100, 14001019, 109, 2, 1, 30000, 78, '2017-08-01 12:21:48'),
(101, 14008885, 1018, 1, 1, 20000, 78, '2017-08-01 12:31:02'),
(102, 1100160, 109, 1, 1, 15000, 78, '2017-08-01 12:34:38'),
(103, 1100160, 204, 1, 1, 27500, 78, '2017-08-01 12:34:38'),
(104, 14002122, 109, 2, 1, 30000, 78, '2017-08-01 12:41:02'),
(105, 1100277, 311, 2, 1, 40000, 78, '2017-08-01 12:44:32'),
(106, 1100277, 40, 1, 1, 25000, 78, '2017-08-01 12:44:32'),
(107, 1100277, 108, 1, 1, 7500, 78, '2017-08-01 12:44:32'),
(108, 1100220, 204, 1, 1, 27500, 78, '2017-08-01 12:54:23'),
(109, 14001331, 40, 1, 1, 25000, 78, '2017-08-01 13:04:04'),
(110, 14001331, 114, 1, 1, 15000, 78, '2017-08-01 13:12:34'),
(111, 1100268, 311, 1, 1, 20000, 78, '2017-08-01 13:17:44'),
(112, 1100268, 37, 1, 1, 15000, 78, '2017-08-01 13:17:44'),
(113, 14004286, 37, 1, 1, 15000, 78, '2017-08-01 13:18:48'),
(114, 14004286, 38, 1, 1, 20000, 78, '2017-08-01 13:18:48'),
(115, 14004286, 108, 1, 1, 7500, 78, '2017-08-01 13:18:48'),
(116, 14002532, 1, 1, 1, 4000, 78, '2017-08-01 13:28:19'),
(117, 14002532, 27, 1, 1, 5000, 78, '2017-08-01 13:28:19'),
(118, 1100217, 1002, 1, 1, 30000, 78, '2017-08-01 13:35:58'),
(119, 1100217, 108, 1, 1, 7500, 78, '2017-08-01 13:35:59'),
(120, 14008597, 109, 1, 1, 15000, 78, '2017-08-01 13:38:25'),
(121, 14002532, 27, 1, 1, 5000, 78, '2017-08-01 13:38:51'),
(122, 14008721, 42, 2, 1, 70000, 78, '2017-08-01 13:39:11'),
(123, 14008721, 102, 1, 1, 35000, 78, '2017-08-01 13:39:11'),
(124, 14008721, 114, 1, 1, 15000, 78, '2017-08-01 13:41:06'),
(125, 14002532, 42, 1, 1, 35000, 78, '2017-08-01 13:43:50'),
(126, 14002532, 42, 1, 1, 35000, 78, '2017-08-01 13:50:51'),
(127, 14002532, 40, 1, 1, 25000, 78, '2017-08-01 13:51:28'),
(128, 1100160, 39, 1, 1, 20000, 78, '2017-08-01 13:56:35'),
(129, 1100121, 1018, 1, 1, 20000, 78, '2017-08-01 13:59:04'),
(130, 14000324, 22, 1, 1, 20000, 78, '2017-08-01 14:07:42'),
(131, 14000324, 23, 2, 1, 30000, 78, '2017-08-01 14:07:43'),
(132, 14000324, 108, 3, 1, 22500, 78, '2017-08-01 14:07:43'),
(133, 14000324, 204, 1, 1, 27500, 78, '2017-08-01 14:07:43'),
(134, 14002532, 42, 1, 1, 35000, 78, '2017-08-01 14:08:00'),
(135, 1100251, 67, 2, 1, 6000, 78, '2017-08-01 14:14:27'),
(136, 14008722, 1018, 1, 1, 20000, 78, '2017-08-01 14:15:37'),
(137, 14008723, 39, 1, 1, 20000, 78, '2017-08-01 14:16:23'),
(138, 14001283, 109, 1, 1, 15000, 78, '2017-08-01 14:19:33'),
(139, 14001019, 311, 1, 1, 20000, 78, '2017-08-01 14:31:33'),
(140, 14001019, 109, 1, 1, 15000, 78, '2017-08-01 14:31:33'),
(141, 10010089, 109, 1, 1, 15000, 78, '2017-08-01 14:36:33'),
(142, 10010089, 39, 1, 1, 20000, 78, '2017-08-01 14:37:26'),
(143, 14001550, 38, 2, 1, 40000, 78, '2017-08-01 14:43:24'),
(144, 14001019, 109, 1, 1, 15000, 78, '2017-08-01 14:51:15'),
(145, 14008598, 109, 2, 1, 30000, 78, '2017-08-01 14:56:59'),
(146, 1100121, 67, 3, 1, 9000, 78, '2017-08-01 14:59:02'),
(147, 14008721, 102, 1, 1, 35000, 78, '2017-08-01 15:01:14'),
(148, 14003353, 102, 1, 1, 35000, 78, '2017-08-01 15:08:52'),
(149, 14003353, 109, 1, 1, 15000, 78, '2017-08-01 15:08:52'),
(150, 14001283, 40, 1, 1, 25000, 78, '2017-08-01 15:14:18'),
(151, 14001283, 109, 1, 1, 15000, 78, '2017-08-01 15:14:18'),
(152, 1100266, 67, 5, 1, 15000, 78, '2017-08-01 15:22:05'),
(153, 14008760, 40, 1, 1, 25000, 78, '2017-08-01 15:30:17');

-- --------------------------------------------------------

--
-- Table structure for table `transaksi_bar_2`
--

CREATE TABLE IF NOT EXISTS `transaksi_bar_2` (
  `id_transaksi` int(20) NOT NULL AUTO_INCREMENT,
  `no_gelang` int(11) NOT NULL,
  `id_item` int(20) NOT NULL,
  `jumlah` int(11) NOT NULL,
  `active` tinyint(1) NOT NULL,
  `harga_total` int(11) DEFAULT NULL,
  `periode` int(11) NOT NULL,
  `waktu` timestamp NULL DEFAULT CURRENT_TIMESTAMP,
  PRIMARY KEY (`id_transaksi`)
) ENGINE=InnoDB DEFAULT CHARSET=latin1 AUTO_INCREMENT=1 ;

-- --------------------------------------------------------

--
-- Table structure for table `transaksi_bar_3`
--

CREATE TABLE IF NOT EXISTS `transaksi_bar_3` (
  `id_transaksi` int(20) NOT NULL AUTO_INCREMENT,
  `no_gelang` int(11) NOT NULL,
  `id_item` int(20) NOT NULL,
  `jumlah` int(11) NOT NULL,
  `active` tinyint(1) NOT NULL,
  `harga_total` int(11) DEFAULT NULL,
  `periode` int(11) NOT NULL,
  `waktu` timestamp NULL DEFAULT CURRENT_TIMESTAMP,
  PRIMARY KEY (`id_transaksi`)
) ENGINE=InnoDB DEFAULT CHARSET=latin1 AUTO_INCREMENT=1 ;

-- --------------------------------------------------------

--
-- Table structure for table `transaksi_bar_4`
--

CREATE TABLE IF NOT EXISTS `transaksi_bar_4` (
  `id_transaksi` int(20) NOT NULL AUTO_INCREMENT,
  `no_gelang` int(11) NOT NULL,
  `id_item` int(20) NOT NULL,
  `jumlah` int(11) NOT NULL,
  `active` tinyint(1) NOT NULL,
  `harga_total` int(11) DEFAULT NULL,
  `periode` int(11) NOT NULL,
  `waktu` timestamp NULL DEFAULT CURRENT_TIMESTAMP,
  PRIMARY KEY (`id_transaksi`)
) ENGINE=InnoDB DEFAULT CHARSET=latin1 AUTO_INCREMENT=1 ;

-- --------------------------------------------------------

--
-- Table structure for table `transaksi_bar_5`
--

CREATE TABLE IF NOT EXISTS `transaksi_bar_5` (
  `id_transaksi` int(20) NOT NULL AUTO_INCREMENT,
  `no_gelang` int(11) NOT NULL,
  `id_item` int(20) NOT NULL,
  `jumlah` int(11) NOT NULL,
  `active` tinyint(1) NOT NULL,
  `harga_total` int(11) DEFAULT NULL,
  `periode` int(11) NOT NULL,
  `waktu` timestamp NULL DEFAULT CURRENT_TIMESTAMP,
  PRIMARY KEY (`id_transaksi`)
) ENGINE=InnoDB DEFAULT CHARSET=latin1 AUTO_INCREMENT=1 ;

-- --------------------------------------------------------

--
-- Table structure for table `transaksi_karaoke`
--

CREATE TABLE IF NOT EXISTS `transaksi_karaoke` (
  `id_transaksi` int(20) NOT NULL AUTO_INCREMENT,
  `start_time` timestamp NOT NULL DEFAULT CURRENT_TIMESTAMP,
  `end_time` timestamp NULL DEFAULT NULL,
  `id_periode` int(20) NOT NULL,
  `no_gelang` int(20) NOT NULL,
  `durasi` int(11) NOT NULL,
  `harga` int(11) NOT NULL,
  `active` tinyint(1) NOT NULL,
  `ruang` int(11) NOT NULL,
  PRIMARY KEY (`id_transaksi`)
) ENGINE=InnoDB DEFAULT CHARSET=latin1 AUTO_INCREMENT=1 ;

-- --------------------------------------------------------

--
-- Table structure for table `transaksi_massage`
--

CREATE TABLE IF NOT EXISTS `transaksi_massage` (
  `id_transaksi` int(20) NOT NULL AUTO_INCREMENT,
  `start` timestamp NOT NULL DEFAULT CURRENT_TIMESTAMP,
  `end` timestamp NULL DEFAULT NULL,
  `no_kartu` int(20) NOT NULL,
  `id_periode` int(20) NOT NULL,
  `no_gelang` int(3) NOT NULL,
  `active` tinyint(1) DEFAULT NULL,
  `durasi` int(11) NOT NULL,
  `harga` int(11) NOT NULL,
  `refund` int(11) DEFAULT '0',
  PRIMARY KEY (`id_transaksi`)
) ENGINE=InnoDB  DEFAULT CHARSET=latin1 AUTO_INCREMENT=72 ;

--
-- Dumping data for table `transaksi_massage`
--

INSERT INTO `transaksi_massage` (`id_transaksi`, `start`, `end`, `no_kartu`, `id_periode`, `no_gelang`, `active`, `durasi`, `harga`, `refund`) VALUES
(1, '2017-08-01 05:27:31', '2017-08-01 06:27:44', 2013389, 78, 14008689, 0, 60, 110000, 100000),
(2, '2017-08-01 05:31:34', '2017-08-01 06:31:38', 10002514, 78, 14001645, 0, 60, 110000, 100000),
(3, '2017-08-01 05:43:52', '2017-08-01 07:43:31', 2011787, 78, 14000211, 0, 120, 220000, 200000),
(4, '2017-08-01 05:55:44', '2017-08-01 06:55:48', 10010262, 78, 14008641, 0, 60, 110000, 100000),
(5, '2017-08-01 06:07:01', '2017-08-01 07:07:25', 10006944, 78, 14000993, 0, 60, 110000, 100000),
(6, '2017-08-01 06:12:46', '2017-08-01 07:12:38', 14004616, 78, 14008696, 0, 60, 110000, 100000),
(7, '2017-08-01 06:22:50', '2017-08-01 07:23:57', 10003047, 78, 14008643, 0, 61, 110000, 100000),
(8, '2017-08-01 06:27:05', '2017-08-01 07:27:26', 14003838, 78, 14008644, 0, 60, 110000, 100000),
(9, '2017-08-01 06:39:41', '2017-08-01 07:43:02', 2013389, 78, 14000840, 0, 64, 110000, 100000),
(10, '2017-08-01 06:46:31', '2017-08-01 07:49:43', 10002514, 78, 14003304, 0, 63, 110000, 100000),
(11, '2017-08-01 07:18:34', '2017-08-01 08:28:57', 2012228, 78, 14008697, 0, 70, 110000, 100000),
(12, '2017-08-01 07:23:44', '2017-08-01 08:29:14', 10006843, 78, 14008630, 0, 66, 110000, 100000),
(13, '2017-08-01 07:38:30', '2017-08-01 08:40:03', 10008190, 78, 14008698, 0, 62, 110000, 100000),
(14, '2017-08-01 07:53:16', '2017-08-01 08:54:46', 10003047, 78, 14003017, 0, 61, 110000, 100000),
(15, '2017-08-01 07:58:22', '2017-08-01 09:02:28', 10010542, 78, 14008618, 0, 64, 110000, 100000),
(16, '2017-08-01 08:00:17', '2017-08-01 09:01:06', 10010262, 78, 14002723, 0, 61, 110000, 100000),
(17, '2017-08-01 08:04:19', '2017-08-01 09:12:13', 10002514, 78, 14008324, 0, 68, 110000, 100000),
(18, '2017-08-01 08:19:30', '2017-08-01 09:38:41', 10006944, 78, 14008619, 0, 79, 165000, 150000),
(19, '2017-08-01 08:25:19', '2017-08-01 09:49:38', 2013389, 78, 14000569, 0, 84, 165000, 150000),
(20, '2017-08-01 08:25:41', '2017-08-01 09:35:47', 14003838, 78, 14008716, 0, 70, 110000, 100000),
(21, '2017-08-01 08:27:10', '2017-08-01 08:28:09', 2011787, 78, 14008846, 0, 1, 110000, 75000),
(22, '2017-08-01 08:29:37', '2017-08-01 09:32:45', 2012228, 78, 14002720, 0, 63, 110000, 100000),
(23, '2017-08-01 08:37:33', '2017-08-01 11:56:58', 10006843, 78, 14008124, 0, 199, 385000, 350000),
(24, '2017-08-01 08:54:36', '2017-08-01 10:02:25', 10008190, 78, 14008703, 0, 68, 110000, 100000),
(25, '2017-08-01 09:00:33', '2017-08-01 10:08:46', 10003047, 78, 14008702, 0, 68, 110000, 100000),
(26, '2017-08-01 09:04:33', '2017-08-01 10:05:17', 10010262, 78, 14008707, 0, 61, 110000, 100000),
(27, '2017-08-01 09:04:42', '2017-08-01 10:05:03', 14004616, 78, 14008705, 0, 61, 110000, 100000),
(28, '2017-08-01 09:05:48', '2017-08-01 10:05:42', 10010542, 78, 14008427, 0, 60, 110000, 100000),
(29, '2017-08-01 09:08:20', '2017-08-01 10:09:15', 14000996, 78, 14008678, 0, 61, 110000, 100000),
(30, '2017-08-01 09:13:58', '2017-08-01 10:32:17', 10002359, 78, 14008711, 0, 79, 165000, 150000),
(31, '2017-08-01 09:18:29', '2017-08-01 10:23:41', 10008306, 78, 14008426, 0, 65, 110000, 100000),
(32, '2017-08-01 09:23:54', '2017-08-01 10:27:19', 2011787, 78, 14008704, 0, 64, 110000, 100000),
(33, '2017-08-01 09:30:30', '2017-08-01 10:35:18', 10006909, 78, 14008620, 0, 65, 110000, 100000),
(34, '2017-08-01 09:38:56', '2017-08-01 11:26:35', 2012228, 78, 14001133, 0, 108, 165000, 150000),
(35, '2017-08-01 09:56:27', '2017-08-01 11:02:18', 2013389, 78, 14008733, 0, 66, 110000, 100000),
(36, '2017-08-01 10:03:39', '2017-08-01 11:55:46', 10008190, 78, 14008504, 0, 112, 220000, 200000),
(37, '2017-08-01 10:06:00', '2017-08-01 11:27:59', 10010542, 78, 14008735, 0, 81, 165000, 150000),
(38, '2017-08-01 10:07:00', '2017-08-01 11:28:30', 10006944, 78, 14000767, 0, 81, 165000, 150000),
(39, '2017-08-01 10:15:26', '2017-08-01 11:15:22', 14003838, 78, 14003212, 0, 60, 110000, 100000),
(40, '2017-08-01 10:31:27', '2017-08-01 11:32:04', 10008306, 78, 14008880, 0, 61, 110000, 100000),
(41, '2017-08-01 10:35:07', '2017-08-01 12:05:48', 14004616, 78, 14001342, 0, 90, 165000, 150000),
(42, '2017-08-01 10:37:02', '2017-08-01 11:41:13', 10006909, 78, 14008881, 0, 64, 110000, 100000),
(43, '2017-08-01 10:56:40', '2017-08-01 11:57:22', 2011787, 78, 14008736, 0, 61, 110000, 100000),
(44, '2017-08-01 11:33:16', '2017-08-01 12:33:09', 2012228, 78, 14008745, 0, 60, 110000, 100000),
(45, '2017-08-01 11:43:13', '2017-08-01 12:47:00', 10006909, 78, 14000847, 0, 64, 110000, 100000),
(46, '2017-08-01 12:01:40', '2017-08-01 13:02:02', 2011787, 78, 14008734, 0, 61, 110000, 100000),
(47, '2017-08-01 12:15:15', '2017-08-01 13:28:09', 10002514, 78, 14008596, 0, 73, 110000, 100000),
(48, '2017-08-01 12:30:36', '2017-08-01 13:32:22', 10008190, 78, 14008720, 0, 62, 110000, 100000),
(49, '2017-08-01 12:30:51', '2017-08-01 13:35:00', 14003838, 78, 14008595, 0, 65, 110000, 100000),
(50, '2017-08-01 12:34:31', '2017-08-01 14:29:19', 2012228, 78, 14002122, 0, 115, 220000, 200000),
(51, '2017-08-01 12:47:48', '2017-08-01 13:50:36', 10006909, 78, 14001583, 0, 63, 110000, 100000),
(52, '2017-08-01 13:05:26', '2017-08-01 14:05:32', 14000996, 78, 14008597, 0, 60, 110000, 100000),
(53, '2017-08-01 13:09:50', '2017-08-01 14:09:06', 10003047, 78, 14008723, 0, 60, 110000, 100000),
(54, '2017-08-01 13:09:58', '2017-08-01 14:12:35', 2011787, 78, 14008722, 0, 63, 110000, 100000),
(55, '2017-08-01 13:16:36', NULL, 10006944, 78, 14004286, 1, 0, 0, 0),
(56, '2017-08-01 13:32:02', '2017-08-01 15:32:13', 2013389, 78, 14000006, 1, 120, 220000, 200000),
(57, '2017-08-01 14:00:11', '2017-08-01 14:55:59', 10006843, 78, 14008887, 0, 55, 110000, 75000),
(58, '2017-08-01 14:12:07', '2017-08-01 15:18:35', 14003838, 78, 14008724, 0, 66, 110000, 100000),
(59, '2017-08-01 14:14:31', '2017-08-01 15:21:08', 10002514, 78, 14001804, 0, 67, 110000, 100000),
(60, '2017-08-01 14:16:29', '2017-08-01 15:16:26', 14000996, 78, 14008709, 0, 60, 110000, 100000),
(61, '2017-08-01 14:27:13', NULL, 10008190, 78, 14001283, 1, 0, 0, 0),
(62, '2017-08-01 14:32:27', '2017-08-01 15:32:56', 2011787, 78, 14008710, 0, 60, 110000, 100000),
(63, '2017-08-01 14:36:31', NULL, 14004616, 78, 14008642, 1, 0, 0, 0),
(64, '2017-08-01 14:42:01', NULL, 10006909, 78, 14008599, 1, 0, 0, 0),
(65, '2017-08-01 14:46:29', '2017-08-01 15:34:18', 10010542, 78, 14008653, 0, 48, 110000, 75000),
(66, '2017-08-01 14:56:13', NULL, 10002359, 78, 14008598, 1, 0, 0, 0),
(67, '2017-08-01 15:05:58', NULL, 10004648, 78, 14001873, 1, 0, 0, 0),
(68, '2017-08-01 15:08:24', NULL, 10003047, 78, 14008761, 1, 0, 0, 0),
(69, '2017-08-01 15:10:30', NULL, 10010262, 78, 14008738, 1, 0, 0, 0),
(70, '2017-08-01 15:33:14', NULL, 2011787, 78, 14003353, 1, 0, 0, 0),
(71, '2017-08-01 15:33:25', NULL, 14003838, 78, 14008721, 1, 0, 0, 0);

-- --------------------------------------------------------

--
-- Table structure for table `transaksi_refleksi`
--

CREATE TABLE IF NOT EXISTS `transaksi_refleksi` (
  `id_transaksi` int(20) NOT NULL AUTO_INCREMENT,
  `start` timestamp NOT NULL DEFAULT CURRENT_TIMESTAMP,
  `end` timestamp NULL DEFAULT NULL,
  `no_kartu` int(20) NOT NULL,
  `id_periode` int(20) NOT NULL,
  `no_gelang` int(3) NOT NULL,
  `active` tinyint(1) DEFAULT NULL,
  `durasi` int(11) NOT NULL,
  `harga` int(11) NOT NULL,
  `refund` int(11) DEFAULT '0',
  PRIMARY KEY (`id_transaksi`)
) ENGINE=InnoDB DEFAULT CHARSET=latin1 AUTO_INCREMENT=1 ;

-- --------------------------------------------------------

--
-- Table structure for table `users`
--

CREATE TABLE IF NOT EXISTS `users` (
  `id` int(10) unsigned NOT NULL AUTO_INCREMENT,
  `username` varchar(255) COLLATE utf8_unicode_ci NOT NULL,
  `password` varchar(255) COLLATE utf8_unicode_ci NOT NULL,
  `remember_token` varchar(255) COLLATE utf8_unicode_ci NOT NULL,
  `created_at` timestamp NOT NULL DEFAULT '0000-00-00 00:00:00',
  `updated_at` timestamp NOT NULL DEFAULT '0000-00-00 00:00:00',
  PRIMARY KEY (`id`)
) ENGINE=InnoDB DEFAULT CHARSET=utf8 COLLATE=utf8_unicode_ci AUTO_INCREMENT=1 ;

-- --------------------------------------------------------

--
-- Structure for view `histori_pelanggan`
--
DROP TABLE IF EXISTS `histori_pelanggan`;

CREATE ALGORITHM=UNDEFINED DEFINER=`root`@`localhost` SQL SECURITY DEFINER VIEW `histori_pelanggan` AS select `gelang_customer`.`waktu` AS `tanggal`,`gelang_customer`.`id_gelang` AS `gelang`,`gelang_customer`.`jenis` AS `jenis`,`gelang_customer`.`total` AS `Total`,`gelang_customer`.`id_periode` AS `id_periode` from `gelang_customer` union select `transaksi_massage`.`start` AS `tanggal`,`transaksi_massage`.`no_gelang` AS `gelang`,'Massage (+PPN 35%)' AS `jenis`,`transaksi_massage`.`harga` AS `Total`,`transaksi_massage`.`id_periode` AS `id_periode` from `transaksi_massage` union select `transaksi_massage`.`start` AS `tanggal`,`transaksi_massage`.`no_gelang` AS `gelang`,'Refund' AS `jenis`,`transaksi_massage`.`refund` AS `Total`,`transaksi_massage`.`id_periode` AS `id_periode` from `transaksi_massage` union select `transaksi_refleksi`.`start` AS `tanggal`,`transaksi_refleksi`.`no_gelang` AS `gelang`,'Refleksi' AS `jenis`,`transaksi_refleksi`.`harga` AS `Total`,`transaksi_refleksi`.`id_periode` AS `id_periode` from `transaksi_refleksi` union select `transaksi_refleksi`.`start` AS `tanggal`,`transaksi_refleksi`.`no_gelang` AS `gelang`,'Refund Refleksi' AS `jenis`,`transaksi_refleksi`.`refund` AS `Total`,`transaksi_refleksi`.`id_periode` AS `id_periode` from `transaksi_refleksi` union select `t`.`waktu` AS `tanggal`,`t`.`no_gelang` AS `gelang`,concat(`i`.`nama`,' (+PPN 25%)') AS `jenis`,`t`.`harga_total` AS `Total`,`t`.`periode` AS `id_periode` from (`transaksi_bar` `t` join `item` `i`) where (`t`.`id_item` = `i`.`id_item`) union select `t`.`waktu` AS `tanggal`,`t`.`no_gelang` AS `gelang`,concat(`i`.`nama`,' (+PPN 25%)') AS `jenis`,`t`.`harga_total` AS `Total`,`t`.`periode` AS `id_periode` from (`transaksi_bar_2` `t` join `item_2` `i`) where (`t`.`id_item` = `i`.`id_item`) union select `t`.`waktu` AS `tanggal`,`t`.`no_gelang` AS `gelang`,concat(`i`.`nama`,' (+PPN 25%)') AS `jenis`,`t`.`harga_total` AS `Total`,`t`.`periode` AS `id_periode` from (`transaksi_bar_3` `t` join `item_3` `i`) where (`t`.`id_item` = `i`.`id_item`) union select `t`.`waktu` AS `tanggal`,`t`.`no_gelang` AS `gelang`,concat(`i`.`nama`,' (+PPN 25%)') AS `jenis`,`t`.`harga_total` AS `Total`,`t`.`periode` AS `id_periode` from (`transaksi_bar_4` `t` join `item_4` `i`) where (`t`.`id_item` = `i`.`id_item`) union select `t`.`waktu` AS `tanggal`,`t`.`no_gelang` AS `gelang`,concat(`i`.`nama`,' (+PPN 25%)') AS `jenis`,`t`.`harga_total` AS `Total`,`t`.`periode` AS `id_periode` from (`transaksi_bar_5` `t` join `item_5` `i`) where (`t`.`id_item` = `i`.`id_item`) union select `transaksi_karaoke`.`start_time` AS `tanggal`,`transaksi_karaoke`.`no_gelang` AS `gelang`,'Karaoke (+PPN 25%)' AS `jenis`,`transaksi_karaoke`.`harga` AS `Total`,`transaksi_karaoke`.`id_periode` AS `id_periode` from `transaksi_karaoke`;

/*!40101 SET CHARACTER_SET_CLIENT=@OLD_CHARACTER_SET_CLIENT */;
/*!40101 SET CHARACTER_SET_RESULTS=@OLD_CHARACTER_SET_RESULTS */;
/*!40101 SET COLLATION_CONNECTION=@OLD_COLLATION_CONNECTION */;
